"query","split_at","child","vote","child_auroc","is_best","is_second","auc_gap","sib_lo","par_lo","margin_pass","override","decision","true_path","case"
"001 Car3 Glut","root","class:01 IT-ET Glut",1,0.700734451299483,TRUE,FALSE,0.0791798866702839,NA,NA,FALSE,TRUE,"descend",TRUE,"correct leaf selection"
"001 Car3 Glut","root","class:02 NP-CT-L6b Glut",0,0.621554564629199,FALSE,TRUE,0.0791798866702839,NA,NA,FALSE,TRUE,"descend",FALSE,"correct leaf selection"
"001 Car3 Glut","root","class:04 CGE GABA",0,0.428494046314372,FALSE,FALSE,0.0791798866702839,NA,NA,FALSE,TRUE,"descend",FALSE,"correct leaf selection"
"001 Car3 Glut","root","class:05 MGE GABA",0,0.295156846006999,FALSE,FALSE,0.0791798866702839,NA,NA,FALSE,TRUE,"descend",FALSE,"correct leaf selection"
"001 Car3 Glut","root","class:06 CNU GABA",0,0.508898446246409,FALSE,FALSE,0.0791798866702839,NA,NA,FALSE,TRUE,"descend",FALSE,"correct leaf selection"
"001 Car3 Glut","root","class:28 Astro-Epen",0,0.341862107127843,FALSE,FALSE,0.0791798866702839,NA,NA,FALSE,TRUE,"descend",FALSE,"correct leaf selection"
"001 Car3 Glut","root","class:29 Oligo",0,0.244408073215165,FALSE,FALSE,0.0791798866702839,NA,NA,FALSE,TRUE,"descend",FALSE,"correct leaf selection"
"001 Car3 Glut","root","class:31 Vascular",0,0.311769392147613,FALSE,FALSE,0.0791798866702839,NA,NA,FALSE,TRUE,"descend",FALSE,"correct leaf selection"
"001 Car3 Glut","root","class:32 Immune",0,0.346633371335764,FALSE,FALSE,0.0791798866702839,NA,NA,FALSE,TRUE,"descend",FALSE,"correct leaf selection"
"001 Car3 Glut","class:01 IT-ET Glut","subclass:001 Car3 Glut",1,1,TRUE,FALSE,0.498782801478964,NA,NA,FALSE,TRUE,"descend",TRUE,"correct leaf selection"
"001 Car3 Glut","class:01 IT-ET Glut","subclass:003 L5/6 IT TPE-ENT Glut",0,0.501217198521036,FALSE,TRUE,0.498782801478964,NA,NA,FALSE,TRUE,"descend",FALSE,"correct leaf selection"
"001 Car3 Glut","class:01 IT-ET Glut","subclass:004 L6 IT CTX Glut",0,0.792810354182312,FALSE,FALSE,0.498782801478964,NA,NA,FALSE,TRUE,"descend",FALSE,"correct leaf selection"
"001 Car3 Glut","class:01 IT-ET Glut","subclass:005 L5 IT CTX Glut",0,0.911016050851051,FALSE,FALSE,0.498782801478964,NA,NA,FALSE,TRUE,"descend",FALSE,"correct leaf selection"
"001 Car3 Glut","class:01 IT-ET Glut","subclass:006 L4/5 IT CTX Glut",0,0.766345878926412,FALSE,FALSE,0.498782801478964,NA,NA,FALSE,TRUE,"descend",FALSE,"correct leaf selection"
"001 Car3 Glut","class:01 IT-ET Glut","subclass:007 L2/3 IT CTX Glut",0,0.680095589545003,FALSE,FALSE,0.498782801478964,NA,NA,FALSE,TRUE,"descend",FALSE,"correct leaf selection"
"001 Car3 Glut","class:01 IT-ET Glut","subclass:022 L5 ET CTX Glut",0,0.279837084041494,FALSE,FALSE,0.498782801478964,NA,NA,FALSE,TRUE,"descend",FALSE,"correct leaf selection"
"004 L6 IT CTX Glut","root","class:01 IT-ET Glut",1,0.700004594595562,TRUE,FALSE,0.0263738934682354,NA,NA,FALSE,TRUE,"descend",TRUE,"correct family-level stop"
"004 L6 IT CTX Glut","root","class:02 NP-CT-L6b Glut",0,0.673630701127327,FALSE,TRUE,0.0263738934682354,NA,NA,FALSE,TRUE,"descend",FALSE,"correct family-level stop"
"004 L6 IT CTX Glut","root","class:04 CGE GABA",0,0.334618964819719,FALSE,FALSE,0.0263738934682354,NA,NA,FALSE,TRUE,"descend",FALSE,"correct family-level stop"
"004 L6 IT CTX Glut","root","class:05 MGE GABA",0,0.181269643885031,FALSE,FALSE,0.0263738934682354,NA,NA,FALSE,TRUE,"descend",FALSE,"correct family-level stop"
"004 L6 IT CTX Glut","root","class:06 CNU GABA",0,0.327134080243518,FALSE,FALSE,0.0263738934682354,NA,NA,FALSE,TRUE,"descend",FALSE,"correct family-level stop"
"004 L6 IT CTX Glut","root","class:28 Astro-Epen",0,0.20848067863171,FALSE,FALSE,0.0263738934682354,NA,NA,FALSE,TRUE,"descend",FALSE,"correct family-level stop"
"004 L6 IT CTX Glut","root","class:29 Oligo",0,0.372934510504518,FALSE,FALSE,0.0263738934682354,NA,NA,FALSE,TRUE,"descend",FALSE,"correct family-level stop"
"004 L6 IT CTX Glut","root","class:31 Vascular",0,0.367869008677222,FALSE,FALSE,0.0263738934682354,NA,NA,FALSE,TRUE,"descend",FALSE,"correct family-level stop"
"004 L6 IT CTX Glut","root","class:32 Immune",0,0.43036941145021,FALSE,FALSE,0.0263738934682354,NA,NA,FALSE,TRUE,"descend",FALSE,"correct family-level stop"
"004 L6 IT CTX Glut","class:01 IT-ET Glut","subclass:001 Car3 Glut",0,0.667599697751194,FALSE,FALSE,0.0992400419599948,NA,NA,FALSE,TRUE,"descend",FALSE,"correct family-level stop"
"004 L6 IT CTX Glut","class:01 IT-ET Glut","subclass:003 L5/6 IT TPE-ENT Glut",0.0267441860465116,0.900997812892952,FALSE,FALSE,0.0992400419599948,NA,NA,FALSE,TRUE,"descend",FALSE,"correct family-level stop"
"004 L6 IT CTX Glut","class:01 IT-ET Glut","subclass:004 L6 IT CTX Glut",0.927519379844961,0.971315601774667,TRUE,FALSE,0.0992400419599948,NA,NA,FALSE,TRUE,"descend",TRUE,"correct family-level stop"
"004 L6 IT CTX Glut","class:01 IT-ET Glut","subclass:005 L5 IT CTX Glut",0.0286821705426357,0.872075559814673,FALSE,TRUE,0.0992400419599948,NA,NA,FALSE,TRUE,"descend",FALSE,"correct family-level stop"
"004 L6 IT CTX Glut","class:01 IT-ET Glut","subclass:006 L4/5 IT CTX Glut",0.0158914728682171,0.617450383340434,FALSE,FALSE,0.0992400419599948,NA,NA,FALSE,TRUE,"descend",FALSE,"correct family-level stop"
"004 L6 IT CTX Glut","class:01 IT-ET Glut","subclass:007 L2/3 IT CTX Glut",0.00116279069767442,0.77852390562104,FALSE,FALSE,0.0992400419599948,NA,NA,FALSE,TRUE,"descend",FALSE,"correct family-level stop"
"004 L6 IT CTX Glut","class:01 IT-ET Glut","subclass:022 L5 ET CTX Glut",0,0.53618652745241,FALSE,FALSE,0.0992400419599948,NA,NA,FALSE,TRUE,"descend",FALSE,"correct family-level stop"
"004 L6 IT CTX Glut","subclass:004 L6 IT CTX Glut","supertype:0013 L6 IT CTX Glut_1",0.484108527131783,0.92948674190665,TRUE,FALSE,-0.0356733449411515,-0.0394382535086997,NA,FALSE,FALSE,"stop",FALSE,"correct family-level stop"
"004 L6 IT CTX Glut","subclass:004 L6 IT CTX Glut","supertype:0014 L6 IT CTX Glut_2",0.281782945736434,0.965160086847801,FALSE,TRUE,-0.0356733449411515,-0.0394382535086997,NA,FALSE,FALSE,"stop",FALSE,"correct family-level stop"
"004 L6 IT CTX Glut","subclass:004 L6 IT CTX Glut","supertype:0015 L6 IT CTX Glut_3",0.0852713178294574,0.826564648744164,FALSE,FALSE,-0.0356733449411515,-0.0394382535086997,NA,FALSE,FALSE,"stop",FALSE,"correct family-level stop"
"004 L6 IT CTX Glut","subclass:004 L6 IT CTX Glut","supertype:0016 L6 IT CTX Glut_4",0.0608527131782946,0.924397123425158,FALSE,FALSE,-0.0356733449411515,-0.0394382535086997,NA,FALSE,FALSE,"stop",FALSE,"correct family-level stop"
"004 L6 IT CTX Glut","subclass:004 L6 IT CTX Glut","supertype:0017 L6 IT CTX Glut_5",0.0155038759689922,0.94516825568069,FALSE,FALSE,-0.0356733449411515,-0.0394382535086997,NA,FALSE,FALSE,"stop",FALSE,"correct family-level stop"
"0034 L6 IT CTX Glut_1","root","001 Car3 Glut",0,0.548181460148673,FALSE,FALSE,-0.00363264904248506,-0.0076577068872151,NA,FALSE,FALSE,"stop",FALSE,"deep-layer IT premature stop"
"0034 L6 IT CTX Glut_1","root","003 L5/6 IT TPE-ENT Glut",0.816666666666667,0.94946881307537,TRUE,FALSE,-0.00363264904248506,-0.0076577068872151,NA,FALSE,FALSE,"stop",FALSE,"deep-layer IT premature stop"
"0034 L6 IT CTX Glut_1","root","004 L6 IT CTX Glut",0.183333333333333,0.953101462117856,FALSE,TRUE,-0.00363264904248506,-0.0076577068872151,NA,FALSE,FALSE,"stop",TRUE,"deep-layer IT premature stop"
"0034 L6 IT CTX Glut_1","root","005 L5 IT CTX Glut",0,0.62202505784473,FALSE,FALSE,-0.00363264904248506,-0.0076577068872151,NA,FALSE,FALSE,"stop",FALSE,"deep-layer IT premature stop"
"0034 L6 IT CTX Glut_1","root","006 L4/5 IT CTX Glut",0,0.526026928567912,FALSE,FALSE,-0.00363264904248506,-0.0076577068872151,NA,FALSE,FALSE,"stop",FALSE,"deep-layer IT premature stop"
"0034 L6 IT CTX Glut_1","root","007 L2/3 IT CTX Glut",0,0.859944124452321,FALSE,FALSE,-0.00363264904248506,-0.0076577068872151,NA,FALSE,FALSE,"stop",FALSE,"deep-layer IT premature stop"
"0034 L6 IT CTX Glut_1","root","022 L5 ET CTX Glut",0,0.709331954905725,FALSE,FALSE,-0.00363264904248506,-0.0076577068872151,NA,FALSE,FALSE,"stop",FALSE,"deep-layer IT premature stop"
"0034 L6 IT CTX Glut_1","root","027 L6b CTX Glut",0,0.664314232265052,FALSE,FALSE,-0.00363264904248506,-0.0076577068872151,NA,FALSE,FALSE,"stop",FALSE,"deep-layer IT premature stop"
"0034 L6 IT CTX Glut_1","root","028 L6 CT CTX Glut",0,0.706164771328706,FALSE,FALSE,-0.00363264904248506,-0.0076577068872151,NA,FALSE,FALSE,"stop",FALSE,"deep-layer IT premature stop"
"0034 L6 IT CTX Glut_1","root","030 L5 NP CTX Glut",0,0.311883522867129,FALSE,FALSE,-0.00363264904248506,-0.0076577068872151,NA,FALSE,FALSE,"stop",FALSE,"deep-layer IT premature stop"
"0034 L6 IT CTX Glut_1","root","036 Vip Gaba",0,0.512759070545956,FALSE,FALSE,-0.00363264904248506,-0.0076577068872151,NA,FALSE,FALSE,"stop",FALSE,"deep-layer IT premature stop"
"0034 L6 IT CTX Glut_1","root","037 Sncg Gaba",0,0.593814183035494,FALSE,FALSE,-0.00363264904248506,-0.0076577068872151,NA,FALSE,FALSE,"stop",FALSE,"deep-layer IT premature stop"
"0034 L6 IT CTX Glut_1","root","039 Lamp5 Gaba",0,0.168676832570275,FALSE,FALSE,-0.00363264904248506,-0.0076577068872151,NA,FALSE,FALSE,"stop",FALSE,"deep-layer IT premature stop"
"0034 L6 IT CTX Glut_1","root","041 Pvalb chandelier Gaba",0,0.418383793629695,FALSE,FALSE,-0.00363264904248506,-0.0076577068872151,NA,FALSE,FALSE,"stop",FALSE,"deep-layer IT premature stop"
"0034 L6 IT CTX Glut_1","root","042 Pvalb Gaba",0,0.294502412248314,FALSE,FALSE,-0.00363264904248506,-0.0076577068872151,NA,FALSE,FALSE,"stop",FALSE,"deep-layer IT premature stop"
"0034 L6 IT CTX Glut_1","root","043 Sst Gaba",0,0.28364594102299,FALSE,FALSE,-0.00363264904248506,-0.0076577068872151,NA,FALSE,FALSE,"stop",FALSE,"deep-layer IT premature stop"
"0034 L6 IT CTX Glut_1","root","046 Sst Chodl Gaba",0,0.562908728400532,FALSE,FALSE,-0.00363264904248506,-0.0076577068872151,NA,FALSE,FALSE,"stop",FALSE,"deep-layer IT premature stop"
"0034 L6 IT CTX Glut_1","root","287 Astro-TE NN",0,0.115029537734456,FALSE,FALSE,-0.00363264904248506,-0.0076577068872151,NA,FALSE,FALSE,"stop",FALSE,"deep-layer IT premature stop"
"0034 L6 IT CTX Glut_1","root","294 OPC NN",0,0.42998067739871,FALSE,FALSE,-0.00363264904248506,-0.0076577068872151,NA,FALSE,FALSE,"stop",FALSE,"deep-layer IT premature stop"
"0034 L6 IT CTX Glut_1","root","295 Oligo NN",0,0.215949145867179,FALSE,FALSE,-0.00363264904248506,-0.0076577068872151,NA,FALSE,FALSE,"stop",FALSE,"deep-layer IT premature stop"
"0034 L6 IT CTX Glut_1","root","299 Peri NN",0,0.208249027716241,FALSE,FALSE,-0.00363264904248506,-0.0076577068872151,NA,FALSE,FALSE,"stop",FALSE,"deep-layer IT premature stop"
"0034 L6 IT CTX Glut_1","root","301 Endo NN",0,0.170398882489046,FALSE,FALSE,-0.00363264904248506,-0.0076577068872151,NA,FALSE,FALSE,"stop",FALSE,"deep-layer IT premature stop"
"0034 L6 IT CTX Glut_1","root","302 Microglia NN",0,0.230553955594939,FALSE,FALSE,-0.00363264904248506,-0.0076577068872151,NA,FALSE,FALSE,"stop",FALSE,"deep-layer IT premature stop"
"0044 L6 IT CTX Glut_3","root","001 Car3 Glut",0,0.658937229266379,FALSE,FALSE,0.111815825792856,0.098967146004205,NA,TRUE,FALSE,"descend",FALSE,"adjacent same-class near-miss"
"0044 L6 IT CTX Glut_3","root","003 L5/6 IT TPE-ENT Glut",0.357723577235772,0.845600212401065,FALSE,TRUE,0.111815825792856,0.098967146004205,NA,TRUE,FALSE,"descend",FALSE,"adjacent same-class near-miss"
"0044 L6 IT CTX Glut_3","root","004 L6 IT CTX Glut",0.0121951219512195,0.807066341846119,FALSE,FALSE,0.111815825792856,0.098967146004205,NA,TRUE,FALSE,"descend",TRUE,"adjacent same-class near-miss"
"0044 L6 IT CTX Glut_3","root","005 L5 IT CTX Glut",0.508130081300813,0.957416038193921,TRUE,FALSE,0.111815825792856,0.098967146004205,NA,TRUE,FALSE,"descend",FALSE,"adjacent same-class near-miss"
"0044 L6 IT CTX Glut_3","root","006 L4/5 IT CTX Glut",0.121951219512195,0.792505327965901,FALSE,FALSE,0.111815825792856,0.098967146004205,NA,TRUE,FALSE,"descend",FALSE,"adjacent same-class near-miss"
"0044 L6 IT CTX Glut_3","root","007 L2/3 IT CTX Glut",0,0.617317503713431,FALSE,FALSE,0.111815825792856,0.098967146004205,NA,TRUE,FALSE,"descend",FALSE,"adjacent same-class near-miss"
"0044 L6 IT CTX Glut_3","root","022 L5 ET CTX Glut",0,0.453504378380059,FALSE,FALSE,0.111815825792856,0.098967146004205,NA,TRUE,FALSE,"descend",FALSE,"adjacent same-class near-miss"
"0044 L6 IT CTX Glut_3","root","027 L6b CTX Glut",0,0.357307385960003,FALSE,FALSE,0.111815825792856,0.098967146004205,NA,TRUE,FALSE,"descend",FALSE,"adjacent same-class near-miss"
"0044 L6 IT CTX Glut_3","root","028 L6 CT CTX Glut",0,0.48549250496918,FALSE,FALSE,0.111815825792856,0.098967146004205,NA,TRUE,FALSE,"descend",FALSE,"adjacent same-class near-miss"
"0044 L6 IT CTX Glut_3","root","030 L5 NP CTX Glut",0,0.175575312681635,FALSE,FALSE,0.111815825792856,0.098967146004205,NA,TRUE,FALSE,"descend",FALSE,"adjacent same-class near-miss"
"0044 L6 IT CTX Glut_3","root","036 Vip Gaba",0,0.375357888618604,FALSE,FALSE,0.111815825792856,0.098967146004205,NA,TRUE,FALSE,"descend",FALSE,"adjacent same-class near-miss"
"0044 L6 IT CTX Glut_3","root","037 Sncg Gaba",0,0.238129877988983,FALSE,FALSE,0.111815825792856,0.098967146004205,NA,TRUE,FALSE,"descend",FALSE,"adjacent same-class near-miss"
"0044 L6 IT CTX Glut_3","root","039 Lamp5 Gaba",0,0.515264682104014,FALSE,FALSE,0.111815825792856,0.098967146004205,NA,TRUE,FALSE,"descend",FALSE,"adjacent same-class near-miss"
"0044 L6 IT CTX Glut_3","root","041 Pvalb chandelier Gaba",0,0.393437692099781,FALSE,FALSE,0.111815825792856,0.098967146004205,NA,TRUE,FALSE,"descend",FALSE,"adjacent same-class near-miss"
"0044 L6 IT CTX Glut_3","root","042 Pvalb Gaba",0,0.363619321321192,FALSE,FALSE,0.111815825792856,0.098967146004205,NA,TRUE,FALSE,"descend",FALSE,"adjacent same-class near-miss"
"0044 L6 IT CTX Glut_3","root","043 Sst Gaba",0,0.170411790172624,FALSE,FALSE,0.111815825792856,0.098967146004205,NA,TRUE,FALSE,"descend",FALSE,"adjacent same-class near-miss"
"0044 L6 IT CTX Glut_3","root","046 Sst Chodl Gaba",0,0.102037124740179,FALSE,FALSE,0.111815825792856,0.098967146004205,NA,TRUE,FALSE,"descend",FALSE,"adjacent same-class near-miss"
"0044 L6 IT CTX Glut_3","root","287 Astro-TE NN",0,0.272757171525819,FALSE,FALSE,0.111815825792856,0.098967146004205,NA,TRUE,FALSE,"descend",FALSE,"adjacent same-class near-miss"
"0044 L6 IT CTX Glut_3","root","294 OPC NN",0,0.214904042795944,FALSE,FALSE,0.111815825792856,0.098967146004205,NA,TRUE,FALSE,"descend",FALSE,"adjacent same-class near-miss"
"0044 L6 IT CTX Glut_3","root","295 Oligo NN",0,0.417670817815857,FALSE,FALSE,0.111815825792856,0.098967146004205,NA,TRUE,FALSE,"descend",FALSE,"adjacent same-class near-miss"
"0044 L6 IT CTX Glut_3","root","299 Peri NN",0,0.441591351593128,FALSE,FALSE,0.111815825792856,0.098967146004205,NA,TRUE,FALSE,"descend",FALSE,"adjacent same-class near-miss"
"0044 L6 IT CTX Glut_3","root","301 Endo NN",0,0.355430189893249,FALSE,FALSE,0.111815825792856,0.098967146004205,NA,TRUE,FALSE,"descend",FALSE,"adjacent same-class near-miss"
"0044 L6 IT CTX Glut_3","root","302 Microglia NN",0,0.456956344166266,FALSE,FALSE,0.111815825792856,0.098967146004205,NA,TRUE,FALSE,"descend",FALSE,"adjacent same-class near-miss"
"039 Lamp5 Gaba","root","class:01 IT-ET Glut",0,0.130086405733328,FALSE,TRUE,0.812636834737939,NA,NA,FALSE,TRUE,"descend",FALSE,"Lamp5 forward miss (one level deep)"
"039 Lamp5 Gaba","root","class:02 NP-CT-L6b Glut",0,0.212620621188086,FALSE,FALSE,0.812636834737939,NA,NA,FALSE,TRUE,"descend",FALSE,"Lamp5 forward miss (one level deep)"
"039 Lamp5 Gaba","root","class:04 CGE GABA",1,0.942723240471267,TRUE,FALSE,0.812636834737939,NA,NA,FALSE,TRUE,"descend",TRUE,"Lamp5 forward miss (one level deep)"
"039 Lamp5 Gaba","root","class:05 MGE GABA",0,0.796352548069941,FALSE,FALSE,0.812636834737939,NA,NA,FALSE,TRUE,"descend",FALSE,"Lamp5 forward miss (one level deep)"
"039 Lamp5 Gaba","root","class:06 CNU GABA",0,0.751338683554034,FALSE,FALSE,0.812636834737939,NA,NA,FALSE,TRUE,"descend",FALSE,"Lamp5 forward miss (one level deep)"
"039 Lamp5 Gaba","root","class:28 Astro-Epen",0,0.780884681089053,FALSE,FALSE,0.812636834737939,NA,NA,FALSE,TRUE,"descend",FALSE,"Lamp5 forward miss (one level deep)"
"039 Lamp5 Gaba","root","class:29 Oligo",0,0.880950894358066,FALSE,FALSE,0.812636834737939,NA,NA,FALSE,TRUE,"descend",FALSE,"Lamp5 forward miss (one level deep)"
"039 Lamp5 Gaba","root","class:31 Vascular",0,0.804318927596796,FALSE,FALSE,0.812636834737939,NA,NA,FALSE,TRUE,"descend",FALSE,"Lamp5 forward miss (one level deep)"
"039 Lamp5 Gaba","root","class:32 Immune",0,0.833481176033515,FALSE,FALSE,0.812636834737939,NA,NA,FALSE,TRUE,"descend",FALSE,"Lamp5 forward miss (one level deep)"
"039 Lamp5 Gaba","class:04 CGE GABA","subclass:036 Vip Gaba",0.00105932203389831,0.915015071128989,FALSE,TRUE,0.0846972674977954,NA,NA,FALSE,TRUE,"descend",FALSE,"Lamp5 forward miss (one level deep)"
"039 Lamp5 Gaba","class:04 CGE GABA","subclass:037 Sncg Gaba",0,0.925700868681179,FALSE,FALSE,0.0846972674977954,NA,NA,FALSE,TRUE,"descend",FALSE,"Lamp5 forward miss (one level deep)"
"039 Lamp5 Gaba","class:04 CGE GABA","subclass:039 Lamp5 Gaba",0.998940677966102,0.999712338626784,TRUE,FALSE,0.0846972674977954,NA,NA,FALSE,TRUE,"descend",TRUE,"Lamp5 forward miss (one level deep)"
"039 Lamp5 Gaba","subclass:039 Lamp5 Gaba","supertype:0148 Lamp5 Gaba_1",0.953389830508475,0.999655267733702,TRUE,FALSE,0.0366824419040375,NA,NA,FALSE,TRUE,"descend",FALSE,"Lamp5 forward miss (one level deep)"
"039 Lamp5 Gaba","subclass:039 Lamp5 Gaba","supertype:0149 Lamp5 Gaba_2",0.0455508474576271,0.962972825829664,FALSE,TRUE,0.0366824419040375,NA,NA,FALSE,TRUE,"descend",FALSE,"Lamp5 forward miss (one level deep)"
"039 Lamp5 Gaba","supertype:0148 Lamp5 Gaba_1","0580 Lamp5 Gaba_1",0.225635593220339,0.999861936582904,FALSE,FALSE,0.000587358787152215,0.000401279090107431,NA,FALSE,FALSE,"stop",FALSE,"Lamp5 forward miss (one level deep)"
"039 Lamp5 Gaba","supertype:0148 Lamp5 Gaba_1","0581 Lamp5 Gaba_1",0.356991525423729,0.998994940449683,FALSE,TRUE,0.000587358787152215,0.000401279090107431,NA,FALSE,FALSE,"stop",FALSE,"Lamp5 forward miss (one level deep)"
"039 Lamp5 Gaba","supertype:0148 Lamp5 Gaba_1","0582 Lamp5 Gaba_1",0.370762711864407,0.999582299236835,TRUE,FALSE,0.000587358787152215,0.000401279090107431,NA,FALSE,FALSE,"stop",FALSE,"Lamp5 forward miss (one level deep)"
"301 Endo NN","root","class:01 IT-ET Glut",0.0101010101010101,0.198117371824582,FALSE,TRUE,0.799365652151522,NA,NA,FALSE,TRUE,"descend",FALSE,"Endo forward miss (one level shallow)"
"301 Endo NN","root","class:02 NP-CT-L6b Glut",0.0101010101010101,0.551704453493419,FALSE,FALSE,0.799365652151522,NA,NA,FALSE,TRUE,"descend",FALSE,"Endo forward miss (one level shallow)"
"301 Endo NN","root","class:04 CGE GABA",0,0.609265451308423,FALSE,FALSE,0.799365652151522,NA,NA,FALSE,TRUE,"descend",FALSE,"Endo forward miss (one level shallow)"
"301 Endo NN","root","class:05 MGE GABA",0,0.661660302956734,FALSE,FALSE,0.799365652151522,NA,NA,FALSE,TRUE,"descend",FALSE,"Endo forward miss (one level shallow)"
"301 Endo NN","root","class:06 CNU GABA",0,0.620010419195598,FALSE,FALSE,0.799365652151522,NA,NA,FALSE,TRUE,"descend",FALSE,"Endo forward miss (one level shallow)"
"301 Endo NN","root","class:28 Astro-Epen",0,0.956230642182936,FALSE,FALSE,0.799365652151522,NA,NA,FALSE,TRUE,"descend",FALSE,"Endo forward miss (one level shallow)"
"301 Endo NN","root","class:29 Oligo",0,0.925768978937224,FALSE,FALSE,0.799365652151522,NA,NA,FALSE,TRUE,"descend",FALSE,"Endo forward miss (one level shallow)"
"301 Endo NN","root","class:31 Vascular",0.97979797979798,0.997483023976105,TRUE,FALSE,0.799365652151522,NA,NA,FALSE,TRUE,"descend",TRUE,"Endo forward miss (one level shallow)"
"301 Endo NN","root","class:32 Immune",0,0.982587160755405,FALSE,FALSE,0.799365652151522,NA,NA,FALSE,TRUE,"descend",FALSE,"Endo forward miss (one level shallow)"
"301 Endo NN","class:31 Vascular","subclass:299 Peri NN",0.0808080808080808,0.989435505822978,FALSE,TRUE,0.0102633214887403,0.00649581209031324,NA,FALSE,FALSE,"stop",FALSE,"Endo forward miss (one level shallow)"
"301 Endo NN","class:31 Vascular","subclass:301 Endo NN",0.898989898989899,0.999698827311719,TRUE,FALSE,0.0102633214887403,0.00649581209031324,NA,FALSE,FALSE,"stop",TRUE,"Endo forward miss (one level shallow)"
