query,parent,depth,sibling,auc_correct,auc_sibling,global_gap,local_pref
001 Car3 Glut,root,1,02 NP-CT-L6b Glut,0.7007,0.6216,0.0792,1.0
001 Car3 Glut,root,1,04 CGE GABA,0.7007,0.4285,0.2722,1.0
001 Car3 Glut,root,1,05 MGE GABA,0.7007,0.2952,0.4056,1.0
001 Car3 Glut,root,1,06 CNU GABA,0.7007,0.5089,0.1918,1.0
001 Car3 Glut,root,1,28 Astro-Epen,0.7007,0.3419,0.3589,1.0
001 Car3 Glut,root,1,29 Oligo,0.7007,0.2444,0.4563,1.0
001 Car3 Glut,root,1,31 Vascular,0.7007,0.3118,0.389,1.0
001 Car3 Glut,root,1,32 Immune,0.7007,0.3466,0.3541,1.0
001 Car3 Glut,01 IT-ET Glut,2,003 L5/6 IT TPE-ENT Glut,1.0,0.5012,0.4988,1.0
001 Car3 Glut,01 IT-ET Glut,2,004 L6 IT CTX Glut,1.0,0.7928,0.2072,0.0
001 Car3 Glut,01 IT-ET Glut,2,005 L5 IT CTX Glut,1.0,0.911,0.089,0.0
001 Car3 Glut,01 IT-ET Glut,2,006 L4/5 IT CTX Glut,1.0,0.7663,0.2337,0.0
001 Car3 Glut,01 IT-ET Glut,2,007 L2/3 IT CTX Glut,1.0,0.6801,0.3199,0.0
001 Car3 Glut,01 IT-ET Glut,2,022 L5 ET CTX Glut,1.0,0.2798,0.7202,0.4157
003 L5/6 IT TPE-ENT Glut,root,1,02 NP-CT-L6b Glut,0.7697,0.5472,0.2225,1.0
003 L5/6 IT TPE-ENT Glut,root,1,04 CGE GABA,0.7697,0.4707,0.299,1.0
003 L5/6 IT TPE-ENT Glut,root,1,05 MGE GABA,0.7697,0.3627,0.4071,1.0
003 L5/6 IT TPE-ENT Glut,root,1,06 CNU GABA,0.7697,0.4236,0.3461,1.0
003 L5/6 IT TPE-ENT Glut,root,1,28 Astro-Epen,0.7697,0.1221,0.6477,1.0
003 L5/6 IT TPE-ENT Glut,root,1,29 Oligo,0.7697,0.2662,0.5035,1.0
003 L5/6 IT TPE-ENT Glut,root,1,31 Vascular,0.7697,0.2243,0.5455,1.0
003 L5/6 IT TPE-ENT Glut,root,1,32 Immune,0.7697,0.3667,0.403,1.0
003 L5/6 IT TPE-ENT Glut,01 IT-ET Glut,2,001 Car3 Glut,0.9838,0.3514,0.6325,1.0
003 L5/6 IT TPE-ENT Glut,01 IT-ET Glut,2,004 L6 IT CTX Glut,0.9838,0.9012,0.0826,0.0
003 L5/6 IT TPE-ENT Glut,01 IT-ET Glut,2,005 L5 IT CTX Glut,0.9838,0.8179,0.1659,0.0
003 L5/6 IT TPE-ENT Glut,01 IT-ET Glut,2,006 L4/5 IT CTX Glut,0.9838,0.7015,0.2824,0.0
003 L5/6 IT TPE-ENT Glut,01 IT-ET Glut,2,007 L2/3 IT CTX Glut,0.9838,0.7423,0.2416,0.0
003 L5/6 IT TPE-ENT Glut,01 IT-ET Glut,2,022 L5 ET CTX Glut,0.9838,0.7238,0.26,0.0
004 L6 IT CTX Glut,root,1,02 NP-CT-L6b Glut,0.7,0.6736,0.0264,0.9911
004 L6 IT CTX Glut,root,1,04 CGE GABA,0.7,0.3346,0.3654,1.0
004 L6 IT CTX Glut,root,1,05 MGE GABA,0.7,0.1813,0.5187,1.0
004 L6 IT CTX Glut,root,1,06 CNU GABA,0.7,0.3271,0.3729,1.0
004 L6 IT CTX Glut,root,1,28 Astro-Epen,0.7,0.2085,0.4915,0.9996
004 L6 IT CTX Glut,root,1,29 Oligo,0.7,0.3729,0.3271,1.0
004 L6 IT CTX Glut,root,1,31 Vascular,0.7,0.3679,0.3321,1.0
004 L6 IT CTX Glut,root,1,32 Immune,0.7,0.4304,0.2696,1.0
004 L6 IT CTX Glut,01 IT-ET Glut,2,001 Car3 Glut,0.9713,0.6676,0.3037,1.0
004 L6 IT CTX Glut,01 IT-ET Glut,2,003 L5/6 IT TPE-ENT Glut,0.9713,0.901,0.0703,1.0
004 L6 IT CTX Glut,01 IT-ET Glut,2,005 L5 IT CTX Glut,0.9713,0.8721,0.0992,0.0
004 L6 IT CTX Glut,01 IT-ET Glut,2,006 L4/5 IT CTX Glut,0.9713,0.6175,0.3539,0.719
004 L6 IT CTX Glut,01 IT-ET Glut,2,007 L2/3 IT CTX Glut,0.9713,0.7785,0.1928,0.0
004 L6 IT CTX Glut,01 IT-ET Glut,2,022 L5 ET CTX Glut,0.9713,0.5362,0.4351,1.0
005 L5 IT CTX Glut,root,1,02 NP-CT-L6b Glut,0.7615,0.5643,0.1972,1.0
005 L5 IT CTX Glut,root,1,04 CGE GABA,0.7615,0.3097,0.4518,1.0
005 L5 IT CTX Glut,root,1,05 MGE GABA,0.7615,0.2356,0.5259,1.0
005 L5 IT CTX Glut,root,1,06 CNU GABA,0.7615,0.2613,0.5002,1.0
005 L5 IT CTX Glut,root,1,28 Astro-Epen,0.7615,0.3407,0.4209,1.0
005 L5 IT CTX Glut,root,1,29 Oligo,0.7615,0.2908,0.4707,1.0
005 L5 IT CTX Glut,root,1,31 Vascular,0.7615,0.4315,0.3301,1.0
005 L5 IT CTX Glut,root,1,32 Immune,0.7615,0.4459,0.3156,1.0
005 L5 IT CTX Glut,01 IT-ET Glut,2,001 Car3 Glut,0.9482,0.7589,0.1893,1.0
005 L5 IT CTX Glut,01 IT-ET Glut,2,003 L5/6 IT TPE-ENT Glut,0.9482,0.7051,0.2431,1.0
005 L5 IT CTX Glut,01 IT-ET Glut,2,004 L6 IT CTX Glut,0.9482,0.7753,0.1728,1.0
005 L5 IT CTX Glut,01 IT-ET Glut,2,006 L4/5 IT CTX Glut,0.9482,0.7985,0.1496,0.9988
005 L5 IT CTX Glut,01 IT-ET Glut,2,007 L2/3 IT CTX Glut,0.9482,0.5873,0.3608,0.8747
005 L5 IT CTX Glut,01 IT-ET Glut,2,022 L5 ET CTX Glut,0.9482,0.4489,0.4993,1.0
006 L4/5 IT CTX Glut,root,1,02 NP-CT-L6b Glut,0.9479,0.3878,0.5601,0.9995
006 L4/5 IT CTX Glut,root,1,04 CGE GABA,0.9479,0.2211,0.7268,1.0
006 L4/5 IT CTX Glut,root,1,05 MGE GABA,0.9479,0.2867,0.6612,1.0
006 L4/5 IT CTX Glut,root,1,06 CNU GABA,0.9479,0.1301,0.8178,1.0
006 L4/5 IT CTX Glut,root,1,28 Astro-Epen,0.9479,0.298,0.6499,0.9995
006 L4/5 IT CTX Glut,root,1,29 Oligo,0.9479,0.2498,0.6981,1.0
006 L4/5 IT CTX Glut,root,1,31 Vascular,0.9479,0.4408,0.5071,1.0
006 L4/5 IT CTX Glut,root,1,32 Immune,0.9479,0.3887,0.5592,1.0
006 L4/5 IT CTX Glut,01 IT-ET Glut,2,001 Car3 Glut,0.9908,0.7174,0.2733,1.0
006 L4/5 IT CTX Glut,01 IT-ET Glut,2,003 L5/6 IT TPE-ENT Glut,0.9908,0.641,0.3498,1.0
006 L4/5 IT CTX Glut,01 IT-ET Glut,2,004 L6 IT CTX Glut,0.9908,0.5336,0.4572,1.0
006 L4/5 IT CTX Glut,01 IT-ET Glut,2,005 L5 IT CTX Glut,0.9908,0.8428,0.148,0.7543
006 L4/5 IT CTX Glut,01 IT-ET Glut,2,007 L2/3 IT CTX Glut,0.9908,0.7468,0.244,0.645
006 L4/5 IT CTX Glut,01 IT-ET Glut,2,022 L5 ET CTX Glut,0.9908,0.5243,0.4665,1.0
007 L2/3 IT CTX Glut,root,1,02 NP-CT-L6b Glut,0.8764,0.4072,0.4692,1.0
007 L2/3 IT CTX Glut,root,1,04 CGE GABA,0.8764,0.4237,0.4527,1.0
007 L2/3 IT CTX Glut,root,1,05 MGE GABA,0.8764,0.3578,0.5185,1.0
007 L2/3 IT CTX Glut,root,1,06 CNU GABA,0.8764,0.2294,0.647,1.0
007 L2/3 IT CTX Glut,root,1,28 Astro-Epen,0.8764,0.2519,0.6245,1.0
007 L2/3 IT CTX Glut,root,1,29 Oligo,0.8764,0.2723,0.6041,1.0
007 L2/3 IT CTX Glut,root,1,31 Vascular,0.8764,0.2925,0.5839,1.0
007 L2/3 IT CTX Glut,root,1,32 Immune,0.8764,0.2731,0.6033,1.0
007 L2/3 IT CTX Glut,01 IT-ET Glut,2,001 Car3 Glut,0.9966,0.6355,0.3611,1.0
007 L2/3 IT CTX Glut,01 IT-ET Glut,2,003 L5/6 IT TPE-ENT Glut,0.9966,0.6833,0.3134,1.0
007 L2/3 IT CTX Glut,01 IT-ET Glut,2,004 L6 IT CTX Glut,0.9966,0.7793,0.2173,1.0
007 L2/3 IT CTX Glut,01 IT-ET Glut,2,005 L5 IT CTX Glut,0.9966,0.5748,0.4218,1.0
007 L2/3 IT CTX Glut,01 IT-ET Glut,2,006 L4/5 IT CTX Glut,0.9966,0.7562,0.2405,1.0
007 L2/3 IT CTX Glut,01 IT-ET Glut,2,022 L5 ET CTX Glut,0.9966,0.6738,0.3228,1.0
022 L5 ET CTX Glut,root,1,02 NP-CT-L6b Glut,0.5799,0.7948,-0.2149,0.9127
022 L5 ET CTX Glut,root,1,04 CGE GABA,0.5799,0.4177,0.1622,1.0
022 L5 ET CTX Glut,root,1,05 MGE GABA,0.5799,0.3492,0.2307,1.0
022 L5 ET CTX Glut,root,1,06 CNU GABA,0.5799,0.3987,0.1812,1.0
022 L5 ET CTX Glut,root,1,28 Astro-Epen,0.5799,0.3021,0.2778,0.9994
022 L5 ET CTX Glut,root,1,29 Oligo,0.5799,0.3656,0.2143,1.0
022 L5 ET CTX Glut,root,1,31 Vascular,0.5799,0.1725,0.4074,1.0
022 L5 ET CTX Glut,root,1,32 Immune,0.5799,0.2064,0.3735,1.0
022 L5 ET CTX Glut,01 IT-ET Glut,2,001 Car3 Glut,1.0,0.1963,0.8037,1.0
022 L5 ET CTX Glut,01 IT-ET Glut,2,003 L5/6 IT TPE-ENT Glut,1.0,0.8048,0.1951,1.0
022 L5 ET CTX Glut,01 IT-ET Glut,2,004 L6 IT CTX Glut,1.0,0.6064,0.3935,0.3014
022 L5 ET CTX Glut,01 IT-ET Glut,2,005 L5 IT CTX Glut,1.0,0.4478,0.5522,0.0006
022 L5 ET CTX Glut,01 IT-ET Glut,2,006 L4/5 IT CTX Glut,1.0,0.5891,0.4109,0.0
022 L5 ET CTX Glut,01 IT-ET Glut,2,007 L2/3 IT CTX Glut,1.0,0.8411,0.1589,0.0
027 L6b CTX Glut,root,1,01 IT-ET Glut,0.9533,0.4171,0.5362,1.0
027 L6b CTX Glut,root,1,04 CGE GABA,0.9533,0.3197,0.6336,1.0
027 L6b CTX Glut,root,1,05 MGE GABA,0.9533,0.5157,0.4376,1.0
027 L6b CTX Glut,root,1,06 CNU GABA,0.9533,0.5818,0.3715,1.0
027 L6b CTX Glut,root,1,28 Astro-Epen,0.9533,0.4233,0.53,1.0
027 L6b CTX Glut,root,1,29 Oligo,0.9533,0.2847,0.6686,1.0
027 L6b CTX Glut,root,1,31 Vascular,0.9533,0.1287,0.8246,1.0
027 L6b CTX Glut,root,1,32 Immune,0.9533,0.1565,0.7968,1.0
027 L6b CTX Glut,02 NP-CT-L6b Glut,2,028 L6 CT CTX Glut,0.9996,0.9083,0.0913,0.0
027 L6b CTX Glut,02 NP-CT-L6b Glut,2,030 L5 NP CTX Glut,0.9996,0.9104,0.0892,0.0
028 L6 CT CTX Glut,root,1,01 IT-ET Glut,0.9232,0.4671,0.4561,1.0
028 L6 CT CTX Glut,root,1,04 CGE GABA,0.9232,0.1589,0.7643,1.0
028 L6 CT CTX Glut,root,1,05 MGE GABA,0.9232,0.1909,0.7323,1.0
028 L6 CT CTX Glut,root,1,06 CNU GABA,0.9232,0.2864,0.6368,1.0
028 L6 CT CTX Glut,root,1,28 Astro-Epen,0.9232,0.4565,0.4667,0.9995
028 L6 CT CTX Glut,root,1,29 Oligo,0.9232,0.4084,0.5148,1.0
028 L6 CT CTX Glut,root,1,31 Vascular,0.9232,0.4823,0.4409,1.0
028 L6 CT CTX Glut,root,1,32 Immune,0.9232,0.4313,0.4919,1.0
028 L6 CT CTX Glut,02 NP-CT-L6b Glut,2,027 L6b CTX Glut,0.9988,0.9263,0.0725,1.0
028 L6 CT CTX Glut,02 NP-CT-L6b Glut,2,030 L5 NP CTX Glut,0.9988,0.6974,0.3014,1.0
030 L5 NP CTX Glut,root,1,01 IT-ET Glut,0.9853,0.3761,0.6093,0.9982
030 L5 NP CTX Glut,root,1,04 CGE GABA,0.9853,0.3541,0.6312,1.0
030 L5 NP CTX Glut,root,1,05 MGE GABA,0.9853,0.6147,0.3707,1.0
030 L5 NP CTX Glut,root,1,06 CNU GABA,0.9853,0.6072,0.3781,1.0
030 L5 NP CTX Glut,root,1,28 Astro-Epen,0.9853,0.3599,0.6255,0.9849
030 L5 NP CTX Glut,root,1,29 Oligo,0.9853,0.1431,0.8422,0.9964
030 L5 NP CTX Glut,root,1,31 Vascular,0.9853,0.1425,0.8428,1.0
030 L5 NP CTX Glut,root,1,32 Immune,0.9853,0.0305,0.9549,1.0
030 L5 NP CTX Glut,02 NP-CT-L6b Glut,2,027 L6b CTX Glut,0.9995,0.9506,0.0489,1.0
030 L5 NP CTX Glut,02 NP-CT-L6b Glut,2,028 L6 CT CTX Glut,0.9995,0.8741,0.1254,0.9475
036 Vip Gaba,root,1,01 IT-ET Glut,0.9701,0.247,0.723,0.8787
036 Vip Gaba,root,1,02 NP-CT-L6b Glut,0.9701,0.1581,0.812,0.7782
036 Vip Gaba,root,1,05 MGE GABA,0.9701,0.7614,0.2087,0.9915
036 Vip Gaba,root,1,06 CNU GABA,0.9701,0.8549,0.1152,1.0
036 Vip Gaba,root,1,28 Astro-Epen,0.9701,0.7353,0.2348,0.0278
036 Vip Gaba,root,1,29 Oligo,0.9701,0.8042,0.1659,0.0077
036 Vip Gaba,root,1,31 Vascular,0.9701,0.4259,0.5442,0.4853
036 Vip Gaba,root,1,32 Immune,0.9701,0.5456,0.4245,0.2295
036 Vip Gaba,04 CGE GABA,2,037 Sncg Gaba,0.9995,0.9722,0.0273,1.0
036 Vip Gaba,04 CGE GABA,2,039 Lamp5 Gaba,0.9995,0.9333,0.0661,0.0039
037 Sncg Gaba,root,1,01 IT-ET Glut,0.973,0.2212,0.7518,0.89
037 Sncg Gaba,root,1,02 NP-CT-L6b Glut,0.973,0.0666,0.9065,0.9593
037 Sncg Gaba,root,1,05 MGE GABA,0.973,0.7502,0.2228,0.9928
037 Sncg Gaba,root,1,06 CNU GABA,0.973,0.8603,0.1127,1.0
037 Sncg Gaba,root,1,28 Astro-Epen,0.973,0.8978,0.0752,0.0
037 Sncg Gaba,root,1,29 Oligo,0.973,0.8496,0.1235,0.0
037 Sncg Gaba,root,1,31 Vascular,0.973,0.7187,0.2543,0.0885
037 Sncg Gaba,root,1,32 Immune,0.973,0.8199,0.1531,0.0263
037 Sncg Gaba,04 CGE GABA,2,036 Vip Gaba,1.0,0.9395,0.0605,0.0
037 Sncg Gaba,04 CGE GABA,2,039 Lamp5 Gaba,1.0,0.941,0.059,0.0
039 Lamp5 Gaba,root,1,01 IT-ET Glut,0.9427,0.1301,0.8126,0.9746
039 Lamp5 Gaba,root,1,02 NP-CT-L6b Glut,0.9427,0.2126,0.7301,0.6494
039 Lamp5 Gaba,root,1,05 MGE GABA,0.9427,0.7964,0.1464,0.9068
039 Lamp5 Gaba,root,1,06 CNU GABA,0.9427,0.7513,0.1914,1.0
039 Lamp5 Gaba,root,1,28 Astro-Epen,0.9427,0.7809,0.1618,0.0053
039 Lamp5 Gaba,root,1,29 Oligo,0.9427,0.881,0.0618,0.0042
039 Lamp5 Gaba,root,1,31 Vascular,0.9427,0.8043,0.1384,0.0445
039 Lamp5 Gaba,root,1,32 Immune,0.9427,0.8335,0.1092,0.0286
039 Lamp5 Gaba,04 CGE GABA,2,036 Vip Gaba,0.9997,0.915,0.0847,1.0
039 Lamp5 Gaba,04 CGE GABA,2,037 Sncg Gaba,0.9997,0.9257,0.074,1.0
041 Pvalb chandelier Gaba,root,1,01 IT-ET Glut,0.835,0.1884,0.6466,0.9742
041 Pvalb chandelier Gaba,root,1,02 NP-CT-L6b Glut,0.835,0.1244,0.7106,0.8968
041 Pvalb chandelier Gaba,root,1,04 CGE GABA,0.835,0.8737,-0.0388,0.9935
041 Pvalb chandelier Gaba,root,1,06 CNU GABA,0.835,0.7489,0.0861,1.0
041 Pvalb chandelier Gaba,root,1,28 Astro-Epen,0.835,0.7221,0.1128,0.0129
041 Pvalb chandelier Gaba,root,1,29 Oligo,0.835,0.7605,0.0745,0.0065
041 Pvalb chandelier Gaba,root,1,31 Vascular,0.835,0.8409,-0.0059,0.0194
041 Pvalb chandelier Gaba,root,1,32 Immune,0.835,0.8736,-0.0387,0.0129
041 Pvalb chandelier Gaba,05 MGE GABA,2,042 Pvalb Gaba,1.0,0.9472,0.0528,0.0
041 Pvalb chandelier Gaba,05 MGE GABA,2,043 Sst Gaba,1.0,0.7498,0.2502,0.0065
042 Pvalb Gaba,root,1,01 IT-ET Glut,0.9617,0.0845,0.8772,0.9888
042 Pvalb Gaba,root,1,02 NP-CT-L6b Glut,0.9617,0.1599,0.8018,0.8371
042 Pvalb Gaba,root,1,04 CGE GABA,0.9617,0.7926,0.1691,1.0
042 Pvalb Gaba,root,1,06 CNU GABA,0.9617,0.776,0.1857,1.0
042 Pvalb Gaba,root,1,28 Astro-Epen,0.9617,0.8465,0.1153,0.0088
042 Pvalb Gaba,root,1,29 Oligo,0.9617,0.8676,0.0942,0.012
042 Pvalb Gaba,root,1,31 Vascular,0.9617,0.9184,0.0433,0.0144
042 Pvalb Gaba,root,1,32 Immune,0.9617,0.8932,0.0685,0.0169
042 Pvalb Gaba,05 MGE GABA,2,041 Pvalb chandelier Gaba,0.9984,0.9598,0.0386,1.0
042 Pvalb Gaba,05 MGE GABA,2,043 Sst Gaba,0.9984,0.8607,0.1377,1.0
043 Sst Gaba,root,1,01 IT-ET Glut,0.9554,0.1199,0.8355,0.9823
043 Sst Gaba,root,1,02 NP-CT-L6b Glut,0.9554,0.2415,0.7139,0.6609
043 Sst Gaba,root,1,04 CGE GABA,0.9554,0.8157,0.1397,1.0
043 Sst Gaba,root,1,06 CNU GABA,0.9554,0.9717,-0.0163,1.0
043 Sst Gaba,root,1,28 Astro-Epen,0.9554,0.8453,0.1101,0.0083
043 Sst Gaba,root,1,29 Oligo,0.9554,0.78,0.1753,0.0149
043 Sst Gaba,root,1,31 Vascular,0.9554,0.8016,0.1538,0.0483
043 Sst Gaba,root,1,32 Immune,0.9554,0.7682,0.1872,0.0503
043 Sst Gaba,05 MGE GABA,2,041 Pvalb chandelier Gaba,0.9972,0.8002,0.197,1.0
043 Sst Gaba,05 MGE GABA,2,042 Pvalb Gaba,0.9972,0.9094,0.0877,0.0054
046 Sst Chodl Gaba,root,1,01 IT-ET Glut,1.0,0.1769,0.8231,0.0
046 Sst Chodl Gaba,root,1,02 NP-CT-L6b Glut,1.0,0.4134,0.5866,0.0
046 Sst Chodl Gaba,root,1,04 CGE GABA,1.0,0.8623,0.1377,0.0
046 Sst Chodl Gaba,root,1,05 MGE GABA,1.0,0.8253,0.1747,0.0
046 Sst Chodl Gaba,root,1,28 Astro-Epen,1.0,0.711,0.289,0.0055
046 Sst Chodl Gaba,root,1,29 Oligo,1.0,0.7095,0.2905,0.0
046 Sst Chodl Gaba,root,1,31 Vascular,1.0,0.6611,0.3389,0.022
046 Sst Chodl Gaba,root,1,32 Immune,1.0,0.7531,0.2469,0.022
287 Astro-TE NN,root,1,01 IT-ET Glut,1.0,0.1747,0.8253,1.0
287 Astro-TE NN,root,1,02 NP-CT-L6b Glut,1.0,0.5455,0.4545,1.0
287 Astro-TE NN,root,1,04 CGE GABA,1.0,0.6659,0.3341,1.0
287 Astro-TE NN,root,1,05 MGE GABA,1.0,0.6607,0.3393,1.0
287 Astro-TE NN,root,1,06 CNU GABA,1.0,0.5657,0.4343,1.0
287 Astro-TE NN,root,1,29 Oligo,1.0,0.972,0.028,1.0
287 Astro-TE NN,root,1,31 Vascular,1.0,0.9899,0.0101,1.0
287 Astro-TE NN,root,1,32 Immune,1.0,0.9688,0.0312,1.0
294 OPC NN,root,1,01 IT-ET Glut,0.9846,0.1593,0.8253,1.0
294 OPC NN,root,1,02 NP-CT-L6b Glut,0.9846,0.3692,0.6154,0.9967
294 OPC NN,root,1,04 CGE GABA,0.9846,0.7157,0.2688,1.0
294 OPC NN,root,1,05 MGE GABA,0.9846,0.6816,0.303,1.0
294 OPC NN,root,1,06 CNU GABA,0.9846,0.8221,0.1625,1.0
294 OPC NN,root,1,28 Astro-Epen,0.9846,0.985,-0.0004,0.0
294 OPC NN,root,1,31 Vascular,0.9846,0.9311,0.0535,0.1267
294 OPC NN,root,1,32 Immune,0.9846,0.8362,0.1484,0.4333
294 OPC NN,29 Oligo,2,295 Oligo NN,1.0,0.9799,0.0201,1.0
295 Oligo NN,root,1,01 IT-ET Glut,0.9989,0.1909,0.808,1.0
295 Oligo NN,root,1,02 NP-CT-L6b Glut,0.9989,0.239,0.7599,1.0
295 Oligo NN,root,1,04 CGE GABA,0.9989,0.6813,0.3175,1.0
295 Oligo NN,root,1,05 MGE GABA,0.9989,0.6774,0.3215,1.0
295 Oligo NN,root,1,06 CNU GABA,0.9989,0.6188,0.3801,1.0
295 Oligo NN,root,1,28 Astro-Epen,0.9989,0.9677,0.0312,0.0
295 Oligo NN,root,1,31 Vascular,0.9989,0.9724,0.0265,0.0217
295 Oligo NN,root,1,32 Immune,0.9989,0.9855,0.0133,0.0062
295 Oligo NN,29 Oligo,2,294 OPC NN,0.9999,0.9748,0.0251,0.0
299 Peri NN,root,1,01 IT-ET Glut,0.9945,0.315,0.6795,1.0
299 Peri NN,root,1,02 NP-CT-L6b Glut,0.9945,0.3539,0.6406,1.0
299 Peri NN,root,1,04 CGE GABA,0.9945,0.5083,0.4862,1.0
299 Peri NN,root,1,05 MGE GABA,0.9945,0.6518,0.3428,1.0
299 Peri NN,root,1,06 CNU GABA,0.9945,0.48,0.5146,1.0
299 Peri NN,root,1,28 Astro-Epen,0.9945,0.9678,0.0268,0.6829
299 Peri NN,root,1,29 Oligo,0.9945,0.8811,0.1134,1.0
299 Peri NN,root,1,32 Immune,0.9945,0.9711,0.0234,0.9024
299 Peri NN,31 Vascular,2,301 Endo NN,1.0,0.984,0.016,1.0
301 Endo NN,root,1,01 IT-ET Glut,0.9975,0.1981,0.7994,1.0
301 Endo NN,root,1,02 NP-CT-L6b Glut,0.9975,0.5517,0.4458,1.0
301 Endo NN,root,1,04 CGE GABA,0.9975,0.6093,0.3882,1.0
301 Endo NN,root,1,05 MGE GABA,0.9975,0.6617,0.3358,1.0
301 Endo NN,root,1,06 CNU GABA,0.9975,0.62,0.3775,1.0
301 Endo NN,root,1,28 Astro-Epen,0.9975,0.9562,0.0413,0.9798
301 Endo NN,root,1,29 Oligo,0.9975,0.9258,0.0717,1.0
301 Endo NN,root,1,32 Immune,0.9975,0.9826,0.0149,0.9697
301 Endo NN,31 Vascular,2,299 Peri NN,0.9997,0.9894,0.0103,0.9192
302 Microglia NN,root,1,01 IT-ET Glut,0.9998,0.2922,0.7076,1.0
302 Microglia NN,root,1,02 NP-CT-L6b Glut,0.9998,0.3658,0.634,1.0
302 Microglia NN,root,1,04 CGE GABA,0.9998,0.6398,0.36,1.0
302 Microglia NN,root,1,05 MGE GABA,0.9998,0.6501,0.3497,1.0
302 Microglia NN,root,1,06 CNU GABA,0.9998,0.6017,0.3981,1.0
302 Microglia NN,root,1,28 Astro-Epen,0.9998,0.9108,0.0889,1.0
302 Microglia NN,root,1,29 Oligo,0.9998,0.9123,0.0875,1.0
302 Microglia NN,root,1,31 Vascular,0.9998,0.981,0.0188,1.0
