"query","0004 Car3 Glut_1","0026 L5/6 IT TPE-ENT Glut_2","0029 L5/6 IT TPE-ENT Glut_3","0034 L6 IT CTX Glut_1","0035 L6 IT CTX Glut_1","0036 L6 IT CTX Glut_1","0037 L6 IT CTX Glut_1","0038 L6 IT CTX Glut_2","0041 L6 IT CTX Glut_2","0042 L6 IT CTX Glut_2","0044 L6 IT CTX Glut_3","0049 L6 IT CTX Glut_4","0053 L6 IT CTX Glut_5","0054 L6 IT CTX Glut_5","0055 L5 IT CTX Glut_1","0056 L5 IT CTX Glut_1","0065 L5 IT CTX Glut_5","0069 L4/5 IT CTX Glut_1","0072 L4/5 IT CTX Glut_1","0075 L4/5 IT CTX Glut_2","0076 L4/5 IT CTX Glut_2","0078 L4/5 IT CTX Glut_2","0083 L4/5 IT CTX Glut_3","0084 L4/5 IT CTX Glut_3","0090 L4/5 IT CTX Glut_4","0091 L4/5 IT CTX Glut_4","0094 L4/5 IT CTX Glut_4","0096 L4/5 IT CTX Glut_5","0098 L4/5 IT CTX Glut_5","0099 L4/5 IT CTX Glut_5","0104 L2/3 IT CTX Glut_1","0105 L2/3 IT CTX Glut_1","0106 L2/3 IT CTX Glut_1","0109 L2/3 IT CTX Glut_2","0351 L5 ET CTX Glut_1","0352 L5 ET CTX Glut_1","0361 L5 ET CTX Glut_2","0362 L5 ET CTX Glut_2","0377 L5 ET CTX Glut_5","0379 L5 ET CTX Glut_5","0421 L6b CTX Glut_1","0430 L6b CTX Glut_3","0433 L6 CT CTX Glut_1","0436 L6 CT CTX Glut_1","0439 L6 CT CTX Glut_2","0440 L6 CT CTX Glut_2","0441 L6 CT CTX Glut_2","0445 L6 CT CTX Glut_3","0449 L6 CT CTX Glut_5","0452 L6 CT CTX Glut_5","0461 L5 NP CTX Glut_2","0463 L5 NP CTX Glut_2","0465 L5 NP CTX Glut_3","0470 L5 NP CTX Glut_4","0497 Vip Gaba_1","0513 Vip Gaba_3","0514 Vip Gaba_3","0516 Vip Gaba_3","0522 Vip Gaba_4","0527 Vip Gaba_5","0529 Vip Gaba_5","0533 Vip Gaba_6","0547 Sncg Gaba_6","0553 Sncg Gaba_3","0560 Sncg Gaba_4","0580 Lamp5 Gaba_1","0581 Lamp5 Gaba_1","0582 Lamp5 Gaba_1","0587 Lamp5 Gaba_2","0605 Pvalb chandelier Gaba","0607 Pvalb Gaba_1","0618 Pvalb Gaba_3","0619 Pvalb Gaba_3","0620 Pvalb Gaba_8","0621 Pvalb Gaba_3","0624 Pvalb Gaba_4","0625 Pvalb Gaba_5","0628 Pvalb Gaba_4","0631 Sst Gaba_13","0638 Sst Gaba_1","0641 Sst Gaba_12","0664 Sst Gaba_4","0665 Sst Gaba_11","0666 Sst Gaba_4","0668 Sst Gaba_4","0669 Sst Gaba_4","0673 Sst Gaba_16","0675 Sst Gaba_5","0677 Sst Gaba_5","0688 Sst Gaba_7","0695 Sst Gaba_10","0697 Sst Gaba_8","0731 Sst Chodl Gaba_4","5113 Astro-TE NN_3","5146 OPC NN_1","5150 COP NN","5158 MOL NN","5182 Peri NN","5188 Endo NN","5190 Microglia NN"
"001 Car3 Glut",1,0.414823338993065,0.545914967555537,0.607941375246491,0.722289057074044,0.727905805296281,0.610918483266168,0.957803583333714,0.821448070738885,0.944571285829365,0.756358069714167,0.658884398514956,0.833902253689209,0.615238429423922,0.965011760364162,0.948609173224384,0.576996253414607,0.790619973470343,0.738050591428011,0.89012916408894,0.913541720377746,0.898159836793371,0.444531623571913,0.582541972021935,0.68583592552711,0.597755269695598,0.764574917770246,0.844887640882738,0.873023890392911,0.784924452383422,0.730975574841966,0.659588728045466,0.663209403335893,0.870295286139547,0.346650177654858,0.447140546976114,0.354185036194389,0.210125483115935,0.283504281567741,0.285688212474735,0.61728028855169,0.674741145100296,0.641749113437504,0.723047094989452,0.64488502867339,0.771863421174638,0.723398186530072,0.502575254719804,0.588639879955636,0.557350419582464,0.192524916821661,0.374970561862058,0.307967149731253,0.316740503414103,0.193228614796801,0.174509968549677,0.18861942794258,0.167881513471977,0.245709217377506,0.250720461997941,0.365744501177378,0.316708017509582,0.372100142913392,0.266291526357422,0.480187418693297,0.298713161670213,0.339815171414328,0.283227633772581,0.13915295250803,0.302905813211171,0.234611066326164,0.390476932657813,0.299266846998641,0.0981905513838221,0.0895690925083832,0.270747147581229,0.0697692304346657,0.316031830330301,0.167018994068274,0.151430274391051,0.307399920175931,0.213978200118274,0.0531719296479205,0.127636223143697,0.228570800918583,0.118239726070699,0.260082946132635,0.095875544549043,0.214085162854928,0.358319574201607,0.254131409366423,0.0907211567924289,0.377602949715005,0.454813427656627,0.291632145010695,0.239260834172786,0.251796682763442,0.356861467682843,0.345996584419236,0.35688038991384
"003 L5/6 IT TPE-ENT Glut",0.492002589907081,0.97349792636226,0.983707787423055,0.922593635155962,0.896891605586082,0.896223991213588,0.93509454620183,0.66665439648519,0.836129432381706,0.728464828296317,0.798664746637402,0.93429219892938,0.828560274481155,0.872148370950058,0.50496604065446,0.61534747076423,0.976724259996306,0.67826865413925,0.716980995601327,0.512662759592765,0.383190489671931,0.488491702348678,0.951002317896247,0.646895508176663,0.777658321983062,0.85578912970325,0.705808432938049,0.610647699705834,0.568868514812486,0.641071031894404,0.804390233452237,0.703406745430862,0.794981035841733,0.513465969885582,0.699227556024245,0.54543555395814,0.725983697991524,0.811001381789065,0.776436307240297,0.790550847886215,0.632476844171537,0.481489602309782,0.482496428594531,0.4004641515595,0.540664704074294,0.405952403351725,0.436147243279046,0.667090233230442,0.680272265978512,0.621855972392797,0.378449340810893,0.195156261839734,0.265819920391524,0.321225916753563,0.358611113767354,0.355304885457477,0.352196632916719,0.381952952902021,0.263369517379637,0.350492563849311,0.287718448868987,0.259521536977873,0.347819813046928,0.415886414537575,0.258866293899847,0.244552528873994,0.209572864173323,0.226107406656591,0.433771279281129,0.211927332678638,0.378874868615932,0.110310032265625,0.173463361637632,0.205968706198755,0.164397988790068,0.269156014133388,0.241677495684481,0.23655132596817,0.275110547286536,0.298670324759746,0.242977220929641,0.205054155970155,0.214198472957188,0.262694282711385,0.125005033605269,0.17642361532824,0.21759809245779,0.32580088406157,0.254758706710164,0.0561427990769689,0.111671378784169,0.21706010884339,0.330025256822469,0.114422845480394,0.228678492698687,0.367166780179216,0.248646124724545,0.182076754401705,0.189620171199685,0.318250421227443
"004 L6 IT CTX Glut",0.797140245141288,0.851392665400563,0.915659056030241,0.935807925263414,0.943069872908756,0.9705472121051,0.949481905866914,0.917858189071431,0.972316789577004,0.945731036524599,0.785027637189309,0.941999449391929,0.930985087853965,0.900053340917725,0.722626676827173,0.816017492454702,0.900694669353381,0.591513823423888,0.568521484807749,0.546585692459829,0.494105908423698,0.51630961921442,0.767371485677436,0.581264256185664,0.670633452308714,0.671206317426787,0.648049774079135,0.565471376248058,0.670823072590834,0.65253608169355,0.861240520229793,0.79116194527655,0.796167783128265,0.731098527463178,0.53892191437227,0.458939642655664,0.585329966977163,0.58744929968204,0.573426148136369,0.572144539972976,0.599577738088036,0.413768647004845,0.644830018617556,0.628328252949664,0.732461239123275,0.6751866357607,0.686711852123407,0.653170273045147,0.7089839714452,0.706784614568489,0.235643064081764,0.219656650843464,0.223908861033662,0.26158239831676,0.214508991608577,0.274052247095158,0.316731904584553,0.273995044878618,0.21933785468974,0.213278235865458,0.256403831973943,0.320238268270154,0.301277088157086,0.260426335633327,0.330367670906514,0.201671066658562,0.228902479553917,0.212635589387338,0.28919418778151,0.270939433558126,0.338953101744347,0.17756348626391,0.162734976784609,0.152443603240353,0.118733151653171,0.282546286870861,0.186103489620406,0.247021392718711,0.180808849024044,0.148518953160075,0.137726283048921,0.132177536963102,0.110765195657289,0.152236371111471,0.0812658919482479,0.0893250061177132,0.0977245113468118,0.215699078227842,0.223701351869417,0.0773529757781677,0.101782607176299,0.0970606487251102,0.290271544539054,0.2854274187553,0.334443479894955,0.392220882406398,0.343099317114599,0.344175342254903,0.368096867752764,0.385469880550836
"005 L5 IT CTX Glut",0.892099156595647,0.684185062798447,0.679536426124899,0.622435137856323,0.671940712865448,0.700172463766345,0.684281988894749,0.905231583137293,0.773599840122638,0.828397268610374,0.955446720086897,0.765854714869998,0.71150516379546,0.845775993291796,0.923307918516864,0.943874478026196,0.772369322912043,0.863527953106277,0.83344546005559,0.857107147578334,0.789845410527262,0.83569766556272,0.683317230077983,0.843985763224526,0.825267364954617,0.741728783321599,0.730841554730389,0.823522637115833,0.881536016071351,0.820572003669498,0.62059537568314,0.616211354256118,0.53359095019726,0.759050444564514,0.463384480991501,0.565862310559509,0.455573918727398,0.368064221376022,0.38465521168399,0.416098256022795,0.490074338125103,0.405947964763234,0.558623633959998,0.593954664176836,0.555164740976997,0.608988952308728,0.617616631529052,0.523974288743314,0.511735639695453,0.520462027580427,0.26022816220565,0.316012931573801,0.310829024270268,0.335479866371184,0.245902323158786,0.207850095766005,0.242862380507941,0.25055120594317,0.302162880928867,0.214934686508441,0.278367744511065,0.322452401918039,0.229141748746866,0.217868180916357,0.262288701862003,0.260074498063867,0.273099393438356,0.227178672326441,0.218646914437774,0.322789217019153,0.27005896054912,0.270431226452615,0.280049282411429,0.216533847410918,0.225636140782254,0.299719047769978,0.256290713668685,0.248729574845303,0.150126911474225,0.16175135222038,0.290907506567854,0.159925540107865,0.11617574578164,0.227800066966773,0.163456458763699,0.177143234955184,0.140323565022606,0.2439431671973,0.246510897644064,0.12180469153094,0.0525914146299987,0.0894408597177633,0.178642380328272,0.34390431396096,0.216868944680073,0.250075859555977,0.291480732880202,0.422567343125935,0.377029318744295,0.381948430418037
"006 L4/5 IT CTX Glut",0.766878320127948,0.702210654552855,0.632837575629745,0.526284913509425,0.550717801525801,0.514319060823182,0.55092531059805,0.654297076640661,0.532175798581205,0.614773618112996,0.870597829065976,0.654986521637924,0.572179645991696,0.719777979237324,0.838178514954936,0.830007468789157,0.722358470022082,0.97391277256151,0.977175431470297,0.944672014573345,0.914041708014987,0.955153915012553,0.797002429747208,0.863912047344143,0.938637001058136,0.907857018989207,0.910338245381467,0.978919367518209,0.911751725028208,0.938588875957516,0.716580580695776,0.761613996320797,0.714143198708793,0.830825150068953,0.559354793953531,0.616094490610971,0.516306840001534,0.461669124578496,0.488873222139053,0.520376507201683,0.304013177926427,0.280836392883486,0.445476708975073,0.492520589389845,0.427043512112548,0.493891296667608,0.478346325138948,0.398602494318892,0.317132802557942,0.398079575951851,0.344989449262367,0.432794295087178,0.427279106540149,0.376753898304819,0.248234927198191,0.223740122118359,0.23478081342102,0.243208299681848,0.269047019814899,0.258291323496367,0.265009405476724,0.301999545734101,0.205662975849062,0.291192944923679,0.191496718472867,0.13049301236101,0.184229291851854,0.146576971529477,0.218837388489113,0.298048694080417,0.240592988537365,0.219857039462229,0.257859523996297,0.26385472366886,0.21741379491866,0.148633885879547,0.213424619179649,0.155141545651686,0.152236471720983,0.28647607170809,0.330400716434866,0.23869423291545,0.260366482244206,0.289184622690219,0.248506532538303,0.272525543718062,0.146236502310342,0.199042762255646,0.0921975169099306,0.144105008641917,0.188756824227925,0.252862367363413,0.0701274096493319,0.291908079531864,0.135450554644226,0.11445580160199,0.267904673909082,0.474306761891323,0.369677058267854,0.386359022191453
"007 L2/3 IT CTX Glut",0.725911490403247,0.621757880787152,0.727671313138479,0.779205063787273,0.845605170132551,0.768745480782158,0.711984767964277,0.633024004360016,0.707619018833406,0.807964437824248,0.611845673496796,0.723897239524767,0.8823497845744,0.607735538596577,0.581947486055891,0.602771788925808,0.698264078000926,0.673425809078888,0.702746512666361,0.728468062819852,0.822346086047902,0.752913583128121,0.722868699355115,0.479699209499554,0.725650584984967,0.801634214967169,0.94507556469684,0.811595735941796,0.819466303284671,0.856415065266126,0.984538391897234,0.994979503220012,0.979556734237865,0.972338260271774,0.731973503803667,0.538444454417373,0.665452968825238,0.682626891614323,0.805632945226033,0.731691238845135,0.315362974839197,0.264142707315634,0.468059294751596,0.47991830528642,0.492355597011175,0.493172060546441,0.446641793761742,0.407929081409705,0.413801823878874,0.484769350919963,0.215907719294075,0.116550695805428,0.185953507260415,0.210439823632926,0.295062861041152,0.245707308066521,0.282206351559808,0.29460032719098,0.313717822368805,0.334636020188034,0.226196781676679,0.182362815499155,0.186211358752239,0.272189027663629,0.186899856999747,0.255548742523551,0.257097107544364,0.311723734057804,0.304999120998769,0.130846680012199,0.134226408026544,0.143820127844461,0.254782573271862,0.21162136370301,0.221713518102404,0.123917018793411,0.297733126010157,0.0914002128515769,0.222933868152042,0.306155027161178,0.287137637375038,0.279855595833375,0.273212623167533,0.255976756897158,0.21238619163576,0.2566312885472,0.273359221975386,0.190706133946445,0.196399397938205,0.252705676202532,0.358111545675108,0.358188432691429,0.124288346888101,0.285607423551073,0.243464654542838,0.240673514389124,0.276960345677097,0.404486334995914,0.337803043334088,0.313482529922635
"022 L5 ET CTX Glut",0.322888939383553,0.829521482078414,0.767105961884419,0.722416732296339,0.680151959873252,0.622027979880473,0.686742981857957,0.420393323103307,0.535176204937503,0.44520800091646,0.485476909755421,0.682711835528929,0.644029665201812,0.612908942635599,0.409958358156568,0.397795932552775,0.690208972032285,0.493330922349319,0.589638380896128,0.346112320321667,0.450508989971176,0.424855384263097,0.788684531951446,0.712041255067954,0.58193051513018,0.649260281944759,0.601152477911895,0.524929490179412,0.479559038887166,0.544342946222834,0.729519088765997,0.783638223311333,0.816718018869654,0.610724737902685,0.991895233207958,0.980483091488335,0.988838996038294,0.976928683899865,0.992959881456823,0.985414556490122,0.808707259736787,0.693769657914466,0.82857377479782,0.812967199123419,0.762216382763679,0.73931181330246,0.736801626052267,0.807850310911328,0.751870946812017,0.808906972550543,0.577434848520655,0.481608261335862,0.596467403951491,0.654581813626588,0.192178216676959,0.253007923380763,0.290682728033184,0.205174300167743,0.185083879242107,0.211189420154867,0.124658255339364,0.094248648922578,0.324228240568466,0.353158924014482,0.184540059877293,0.342351511256814,0.321648878808192,0.382249098393599,0.362218943703736,0.142604123601801,0.112221409466647,0.213194253882328,0.219170500535015,0.253934039759279,0.284486368386847,0.19735831470489,0.242541799396501,0.285947907493936,0.295164193178312,0.358990481947737,0.272299118745306,0.140029761305901,0.189095738096694,0.119756474214151,0.174609444516779,0.138878289422756,0.302569557911262,0.167883176944797,0.243551793979328,0.340536461410559,0.281456575527268,0.246027921384219,0.258736857384096,0.17408178964072,0.225356097613939,0.239724795308492,0.277560090114166,0.18538421795869,0.28091923274416,0.236240737033586
"027 L6b CTX Glut",0.703452352965226,0.588241877374196,0.657826529952297,0.701848854965789,0.590233489813276,0.672921932955262,0.71893044078913,0.640220722254373,0.686135893382412,0.529671410383917,0.478527463493193,0.533982635031499,0.476281395017212,0.468420147015341,0.5454294699707,0.489859593973415,0.550474005022573,0.322221835976632,0.335410865086946,0.33058695678005,0.255877913030154,0.301747876025898,0.496127994268924,0.546283378489055,0.365177279792615,0.379152955773882,0.345350540478985,0.307996842688344,0.31199445518596,0.305830123013256,0.307967432155376,0.305332109838843,0.337346135639196,0.28642040443984,0.755759042021942,0.730375345828524,0.772300431584068,0.766653253978177,0.783816179514177,0.781352068252909,0.994667895795271,0.999350172557473,0.890061736532522,0.873529096050019,0.892878346716567,0.869397177437072,0.880970346987003,0.923290771278866,0.977174607709879,0.929561093716402,0.940615376915444,0.869523508220933,0.896818426479932,0.914495439143846,0.133573544620646,0.219311546766462,0.110237054616533,0.124228143734191,0.0984121298844964,0.181786502411994,0.223102753532217,0.203388390053985,0.542189853895796,0.303242369393823,0.537322983115139,0.321183797056398,0.231581209641452,0.291774188609017,0.131523040218851,0.219570595350247,0.168178377916296,0.239114616412974,0.144494221639324,0.150091865131815,0.265847709333866,0.213296127848131,0.212866665153592,0.205298189374961,0.508726045741665,0.242997396728649,0.182971817278657,0.518374498870358,0.539693582881436,0.541728446863437,0.533356286128673,0.582926494804787,0.548689382112682,0.364361922984967,0.488146156964318,0.51477597615711,0.560639549504496,0.480696533745614,0.637909485968209,0.545013144953831,0.605206920089125,0.481236707009627,0.0954584478438807,0.182292707322052,0.254054911827571,0.245083803609979
"028 L6 CT CTX Glut",0.692480496090731,0.53533433246537,0.556984707424143,0.716016312082472,0.71342791966176,0.775502978713084,0.707330419647414,0.79059640624829,0.814202923220331,0.78345324446658,0.521848307511004,0.567380398359104,0.733179604358469,0.616409942899482,0.700990826620612,0.660172797035308,0.481392626170659,0.490521074185037,0.447850048162168,0.484921744916137,0.455069414704358,0.521114585569432,0.429287549325842,0.634433602401083,0.4229068708011,0.387917031987403,0.414930945395265,0.456500935348437,0.537427394678104,0.462304839946859,0.476958904127212,0.440769133156337,0.456257092817577,0.521477458951008,0.808748570076816,0.821534528618542,0.84742794060495,0.770926945185074,0.769942083907039,0.791960567221331,0.927375881545374,0.909412231718433,0.99262042379721,0.976619394395342,0.991806178595189,0.977033882763951,0.985704879920508,0.963691302409899,0.944965539928498,0.97702202883877,0.751127333935769,0.722912040595417,0.768162571488111,0.894407815220466,0.185964037652389,0.140493465275565,0.091996212529082,0.111259144307762,0.157319711063845,0.159894467959761,0.200285785730664,0.143596505058592,0.108827803244889,0.0385649638290961,0.208528136515917,0.267748641229613,0.268255989249245,0.274766882485523,0.108618137267109,0.143291959089646,0.1746598585915,0.263493958305624,0.176963874454355,0.202055211608713,0.233680058221713,0.265106796527274,0.185066700906844,0.249624367941629,0.226476496787856,0.0579125409364948,0.0475780340039113,0.2657000085021,0.235346961850934,0.161853043587994,0.311800091221804,0.265088627613518,0.2745508467525,0.216914435074939,0.291905509563437,0.333637845703872,0.250922061635302,0.183748397933928,0.261521338565179,0.419845686856998,0.356266971970415,0.440425118701896,0.377718485615573,0.410853430272546,0.538229934932026,0.513149037104249
"030 L5 NP CTX Glut",0.334940785560002,0.345038283297659,0.223838828410406,0.345779018308041,0.225539996570869,0.290765390261598,0.310612605102248,0.301014598260832,0.276650329832682,0.24465971478226,0.30393964394442,0.169316568330029,0.234235316032712,0.274180035233233,0.473399905826217,0.335301848465795,0.232652039719448,0.510863198876404,0.487181938226198,0.567802932048231,0.576198673268496,0.621477009025016,0.373946666638256,0.496739146754614,0.36932732395119,0.38104345201491,0.268101058304892,0.47862161138461,0.387048164668756,0.304769684874512,0.131006307257829,0.151873340044958,0.192014006011357,0.214289130348796,0.555638788508993,0.635293886230143,0.523109365083346,0.622853770811702,0.548668365230758,0.567983097377442,0.907417543894766,0.935637536851912,0.781927557711195,0.70301461050242,0.752763292734243,0.710330906633108,0.76149106434747,0.871516081005184,0.887414762557477,0.806927996359368,0.986590388356919,0.994035134888014,0.994767796040211,0.981482868842166,0.650399990718939,0.622514070928927,0.44549962041396,0.616320817532659,0.624616077154247,0.625909076692097,0.555174326278887,0.51481148684116,0.297382611000203,0.311803266707823,0.302054035088516,0.473453773464358,0.299193193951497,0.277840325363956,0.401620553788395,0.56479690654122,0.534147653827258,0.661578227565278,0.650190665354772,0.633113864493587,0.70590311640517,0.612924687146373,0.628726815377752,0.615730934931248,0.659111427873813,0.630276882915551,0.639979494250827,0.719008006001399,0.725007076777341,0.716976199431588,0.730311354189291,0.721547771981032,0.717237333080179,0.673674557756755,0.654262438923253,0.710768264415111,0.708678150444046,0.694235628411423,0.702840712791129,0.553399223530875,0.588297351461105,0.226289701774105,0.271865983739508,0.356949897632162,0.325942392588553,0.0986356817169538
"036 Vip Gaba",0.287964254208057,0.245097778790313,0.388531264894736,0.35426530134295,0.338135808523721,0.343247970221129,0.327980789898622,0.244991420845817,0.278906830481505,0.295910156940199,0.275359047769643,0.361952494424651,0.302173639740836,0.255625703721376,0.203072417780216,0.240044660082822,0.358695869400418,0.260821983066479,0.221479037668112,0.282954335429021,0.179900671693256,0.236798955037369,0.300019042828445,0.132868706864125,0.353939088106368,0.336337876931313,0.244094706687627,0.21375660306599,0.284325746575815,0.282264870487623,0.449283033527375,0.262917567007859,0.407237555857113,0.183967701593713,0.192680655181202,0.146001962349197,0.154280348588502,0.301600511447596,0.208939579470286,0.21356921434429,0.135526621485745,0.14583062385322,0.114585234898179,0.0939810909434931,0.181423164199351,0.128456985147072,0.179520640140474,0.218232905059062,0.257402155704419,0.202295355165796,0.639177175190509,0.616273160414413,0.555577592875414,0.484983837058556,0.975690432553791,0.990842544802635,0.982249122140887,0.986918314793438,0.985062326721625,0.997316734672472,0.988519937011669,0.973244711076957,0.944962834617779,0.956572332936442,0.934171174954151,0.910624958789871,0.881904770846354,0.898146465557643,0.946371790628701,0.824517321774624,0.76640234326286,0.726525581383164,0.721446888584458,0.722406591527497,0.713894358852061,0.712747095661791,0.714900169977529,0.723272279277547,0.777054327534338,0.765065598032294,0.775082742900612,0.790449825926134,0.787112145625855,0.82109421192033,0.798364464597201,0.797070582286216,0.750143612232879,0.728606209582306,0.759018326358232,0.773834934969068,0.781491668593329,0.739344408849475,0.824058344791276,0.740769945164349,0.882792763408,0.71664306970209,0.746941038557971,0.536563551400054,0.488560078829764,0.579129636711519
"037 Sncg Gaba",0.437770622334043,0.29467054606327,0.371870827883052,0.397071482746196,0.359104762585642,0.373638905027509,0.295150690802119,0.299303619583659,0.354974585409254,0.34510059360247,0.190128635467678,0.413158520539186,0.351853954775756,0.304739733729858,0.221428778699879,0.337661276072835,0.304571478110443,0.236488269105262,0.248895624264647,0.180650439450968,0.269250498685873,0.192987751292952,0.271426587767633,0.249862605620585,0.30774224821772,0.282874360192635,0.223818824824567,0.208288934697576,0.250829876100526,0.241528833418057,0.29539982639376,0.19407945368653,0.2646487580052,0.249551511626039,0.303531050277141,0.286484696079964,0.274265788423593,0.374312826850647,0.36024632425528,0.335993281444008,0.414639502550528,0.561995559463083,0.0762683805659043,0.0602848311140501,0.150145632409456,0.108275141907332,0.0827094838201941,0.12243616753545,0.285196719454581,0.193142168772173,0.40088930660424,0.351396286588247,0.270047120488479,0.183634777157769,0.935068705795701,0.934533336332679,0.952316911470838,0.918508710359749,0.924452461192868,0.930858078772102,0.951735381153564,0.971511298950173,0.997888971037777,0.994596308746397,0.99822012180677,0.92591540994546,0.920370425547766,0.929605009510281,0.951693583660492,0.861700050628828,0.76369876423734,0.73541074966042,0.721734456499663,0.731953414597211,0.72134273619685,0.763039210593336,0.730686637649091,0.76751665438277,0.796353310519827,0.782144967134005,0.754882571034584,0.769338748833049,0.760445896292111,0.75705662433611,0.768113717381525,0.763339716843664,0.745838954498982,0.740779666579271,0.7441906674626,0.758414647621143,0.779027229525734,0.74440953021107,0.843039432257451,0.855011102793976,0.798515677486866,0.771268402749425,0.764776039133442,0.623087414253326,0.694449838196967,0.774805331800214
"039 Lamp5 Gaba",0.297738073177766,0.258412898904191,0.316440233224386,0.235249633582215,0.295610321070512,0.225272402906622,0.300542011197929,0.351719085316955,0.288762246856523,0.278466427365458,0.337689707513822,0.269394163215025,0.324419775776599,0.157108747431725,0.280794296032621,0.259009700443248,0.306996478970641,0.211268729472634,0.184453783439243,0.174253219311716,0.234318396590327,0.12806933399535,0.293027789112532,0.157258246499382,0.15598102170494,0.182553525669706,0.181197450798573,0.125748644257478,0.164578990508059,0.228849460282505,0.21792356739252,0.325080403390428,0.292910419809546,0.331426329889868,0.342999189699845,0.389894568545068,0.365427685496271,0.538413123267657,0.41245716148198,0.334221716293336,0.198365209936929,0.449331535112309,0.303278499760067,0.363109545970995,0.34401003290277,0.354359369339182,0.261474590798721,0.142442155833922,0.225586475225592,0.273984531828856,0.355803561087455,0.346716717833717,0.260068603594091,0.264998817030762,0.897482447307923,0.915454890867896,0.92856797425044,0.917654082656899,0.919384486242095,0.890841765415725,0.907035314165149,0.903946275742916,0.948194177516707,0.910015038001748,0.953562185671235,0.998345509465542,0.987939984278151,0.992085062608942,0.958511349583631,0.893840241799159,0.758856426556782,0.876082832886074,0.878009762103238,0.832021551173753,0.85637484377683,0.816253541959881,0.848477010635905,0.816078612797173,0.750035265172495,0.741810312767921,0.76416599167033,0.730396480609789,0.729043774970043,0.722288570161334,0.730853649379545,0.73082403639128,0.756559306114808,0.783954271974514,0.758721648064217,0.740251555922654,0.749672549008824,0.768018097482445,0.736011618333585,0.729151284280609,0.788077200239372,0.81844347268146,0.846358012031837,0.661672926299523,0.741731899617237,0.722269308462233
"041 Pvalb chandelier Gaba",0.402915238607804,0.145444335507745,0.274532631138345,0.280242220477643,0.338247174922362,0.293978588129275,0.268778757972566,0.35383788171893,0.301763442317685,0.337229654836768,0.324942777531462,0.29376805641423,0.358859917057934,0.131056188983107,0.409864697473804,0.337612371855207,0.217543248179507,0.38486709089325,0.369321647293337,0.439243086325054,0.519100418364247,0.492146685957228,0.18957953749827,0.305464228158434,0.200843991042555,0.199996864323649,0.227342856784316,0.406094537075136,0.214732587641973,0.224162206178506,0.130785990409559,0.11781742260479,0.140530761741586,0.187382667743711,0.109522636947949,0.172381021973494,0.266078465147425,0.397257062021073,0.0960244859713012,0.173516080679658,0.16022276888286,0.475015189811509,0.216300235810804,0.201114223381503,0.19509130743208,0.213258450328065,0.141534649865026,0.191940014084313,0.113667975190404,0.169792721920487,0.586851569568173,0.632165062893279,0.496491736824967,0.444742834773539,0.746617655696189,0.841697804259065,0.875122852705215,0.804037297299491,0.785594456765487,0.811731210123939,0.85731097117125,0.902427359598703,0.878803246179902,0.835386738423196,0.91136838883223,0.882316875933785,0.95596632334715,0.934240543395709,0.772848624199766,1,0.91912587384204,0.975985481049659,0.957521567987467,0.940501012990836,0.956974047831873,0.902541030514637,0.945970883181335,0.930939431575738,0.72532838672304,0.771393676627184,0.721989347663416,0.73656084548986,0.775849918638249,0.74556685017625,0.727298754631835,0.735653165512132,0.798329651394131,0.835054543594766,0.776206139904003,0.791915421830193,0.797246481891793,0.84214936309104,0.7649136779496,0.723479088351727,0.832810885387453,0.809336819558016,0.746846801437338,0.735487273062736,0.751347697528641,0.778103624332064
"042 Pvalb Gaba",0.271316717456698,0.159046436467285,0.24314783991679,0.158153706268284,0.20129847654835,0.219114984186346,0.184793792224676,0.260333211818619,0.220761160519419,0.24596926833932,0.243219072761691,0.299971386243158,0.243440892193768,0.210868549166448,0.347242348795641,0.253224940602581,0.197738102114907,0.306065242365123,0.269156688547522,0.462623492215808,0.50561057713631,0.414551474039498,0.134905857105178,0.248275040565707,0.203955161304059,0.142520913915554,0.162549231522887,0.297509424540184,0.208663655674917,0.169702112037084,0.171749513501334,0.151634581369128,0.135212890684488,0.2458513441529,0.204504770014561,0.350421891900777,0.316591125916413,0.336383888907462,0.191914067386969,0.188537555477636,0.126317671012537,0.360060785991522,0.263820156297766,0.31358496004369,0.244447461504693,0.299988261132784,0.239876967590458,0.157419339185179,0.119211454902756,0.165383675992663,0.610979282797019,0.702531157944973,0.62863733832197,0.528819786001298,0.714063387342429,0.733062740990432,0.774221872313618,0.732867165479933,0.734103407949698,0.724597630812701,0.763173958851283,0.802602672364333,0.768557772476881,0.731422841367319,0.803154692256807,0.855526589112817,0.901185894944929,0.880243557983378,0.728973399873042,0.973537302136414,0.98424872234655,0.987892231205077,0.994185767036258,0.995709191102958,0.985915749989887,0.97747871427133,0.981593272542192,0.988344659366002,0.857225955589661,0.930709692163025,0.90797773641937,0.856542667062625,0.859853728336642,0.843392245001574,0.853400169277183,0.853940233200404,0.883202283164857,0.955619049515957,0.895028259316833,0.867743570728396,0.84733980106025,0.900389213114978,0.783098745510958,0.796425390568678,0.746174819145113,0.830887614523823,0.822104684029363,0.833929777423446,0.814145617018607,0.814609090372162
"043 Sst Gaba",0.145511466880851,0.237960766082554,0.159354352473369,0.165401311785592,0.124770530317052,0.0951812201272255,0.143899380180222,0.0552603799972883,0.0667482245333853,0.0598347696719268,0.151580718044491,0.0980617143810094,0.0752200911215541,0.224586596347266,0.108197750385487,0.123254725520503,0.177325676488551,0.254428990543999,0.258295968943948,0.289007265570929,0.317420472923694,0.289337441012393,0.247805831889231,0.293613282806219,0.239273705685845,0.289217669507674,0.340697760428941,0.299923375885589,0.249030782708717,0.262803415795545,0.228126200081455,0.3191870151612,0.357138107423979,0.217735134253689,0.214479777056346,0.150089207841291,0.151191870062965,0.143852514118944,0.283872818477981,0.244147574746357,0.522264028678852,0.590916266058053,0.21979177204294,0.187997419286918,0.138883580456788,0.157344521053345,0.226759208988885,0.354297896003648,0.389689196416084,0.225619310765418,0.741073017780213,0.759797930708893,0.742736340470167,0.669150657812665,0.843847026492181,0.807374670654566,0.776145382118529,0.821702835196771,0.816218103330099,0.828523393866821,0.809596290446918,0.781110140724297,0.792340546468286,0.828695771796901,0.77819588356697,0.768825703946502,0.749745186094786,0.751286436737353,0.815311014083014,0.789930830010719,0.885960637605689,0.850861703909917,0.860502710173092,0.880591416218398,0.871824911222243,0.891443691533313,0.871970283325793,0.88263905567523,0.984184141043078,0.932057186552236,0.940194788394412,0.994661040801495,0.986549856726569,0.9807037202802,0.985023629721368,0.98910157047585,0.967817413371477,0.917506656381149,0.95763883413889,0.962114075362839,0.968480218309779,0.946568018821,0.943852954066408,0.748882022199384,0.75139217419133,0.747971357433094,0.740744292636738,0.751924783737083,0.73845392805458,0.735629488515064
"046 Sst Chodl Gaba",0.422286520350055,0.350855078486328,0.342592390096259,0.405156714339335,0.377220875628193,0.364958684021963,0.318254679682917,0.255833225268413,0.318699847761509,0.347381203283988,0.0716456231953157,0.237945308382766,0.344167007356642,0.359749985486428,0.136394044862679,0.244111378539349,0.26981444409945,0.055918621476627,0.0859455088436926,0.0737871556413297,0.0743317108390767,0.0880137457654058,0.266970065336957,0.28676353044369,0.134529847155231,0.183139634239962,0.0990245689916151,0.0566510416096224,0.131363364709579,0.0670037325965268,0.254584787146531,0.160211471193084,0.290113939094177,0.0715680096103512,0.304132713544786,0.16206338171991,0.310963224329425,0.273915205200994,0.430919458869126,0.406084666077778,0.631028513256544,0.67758157621688,0.297055937457405,0.190028569455557,0.313758618465332,0.183481235264222,0.213531700798848,0.467664155241492,0.564337593609821,0.406598217622876,0.751477373257227,0.735208693018971,0.748248083020344,0.629088343793986,0.890386793978302,0.80840280640563,0.794236920890395,0.821078697173398,0.854912641500749,0.8550242442598,0.820422744591958,0.735909330970986,0.852643579687707,0.894889950224728,0.822177846720624,0.706194576391192,0.736062541794809,0.734544561139528,0.831722911100961,0.727190538403403,0.811709989291662,0.71564256321483,0.729727361816312,0.753027639200188,0.76135727551276,0.792753025360524,0.793492108518359,0.767781625943666,0.933655283960646,0.859879914605355,0.884432216937996,0.920240281643027,0.896288401801458,0.898084360345256,0.922696154841787,0.903443541114541,0.952548932720406,0.829292494235129,0.902858709002821,0.981274416093624,0.978100860665601,0.941991179234445,1,0.689218677007303,0.926095849255087,0.857344284658483,0.702032792895549,0.715904608589336,0.708289728551638,0.745468859259861
"287 Astro-TE NN",0.404753689414958,0.166207626754845,0.119161535635345,0.237396598255816,0.276728006492477,0.297128863138708,0.230291289095246,0.441013026135298,0.398583092362293,0.434176871693796,0.296821151002913,0.180081710410282,0.30297600556344,0.25752378097863,0.441535082124026,0.410836522508703,0.162780543536383,0.178260836635908,0.199879510844001,0.437880205563224,0.496034294437159,0.358664729564167,0.129926907626487,0.25988759401929,0.194472134947058,0.183660160009984,0.266559536409596,0.371768657746821,0.427953344514355,0.370188184015616,0.299481043365969,0.338879542644203,0.168713065224475,0.430294901812989,0.269685232688269,0.252609878881536,0.282701185616644,0.206408298970735,0.268330808332212,0.240007633543268,0.525619682068706,0.641129030819696,0.43515604435923,0.492732007109481,0.455901187776976,0.487704764364345,0.506700115256308,0.49828091460787,0.290574142564377,0.371740033903436,0.499898727946566,0.550538516555177,0.534834639257725,0.508846589670335,0.70887762037228,0.728748754382785,0.737264191018796,0.723190518682642,0.725606075541751,0.701242022572823,0.739960215619647,0.709812170906419,0.835729522852826,0.733212130172976,0.821980761349538,0.704582533793539,0.723607490674974,0.722632896970314,0.668836421380056,0.706672686223124,0.730694464828688,0.784109426342522,0.776512053002066,0.770365747910449,0.775378809321965,0.755573555505054,0.749228470738746,0.769019332135708,0.716572246970153,0.707577839514575,0.69888585619447,0.695648843527599,0.733400279634285,0.716653481526577,0.71730285577324,0.741462781621296,0.725073335830922,0.713015727612313,0.7236477708109,0.727683023637352,0.753482002384351,0.742629761448493,0.707891387842236,1,0.98213181790015,0.970111038160233,0.972296882239151,0.979232092011499,0.97306244475585,0.953727357851047
"294 OPC NN",0.333275461701603,0.183375792954403,0.260865031996035,0.39492833460087,0.380275418775158,0.429482452045602,0.362896288515046,0.376699199541917,0.436739207948016,0.406055119158397,0.26249275019667,0.282108919853369,0.380065750779709,0.230610332240398,0.223720934170228,0.250960883834484,0.215267005400581,0.136168980677701,0.141809002573444,0.284830529024874,0.220459492930838,0.200235612221521,0.182276728674418,0.143948294855915,0.1489208248311,0.165003695992446,0.247677372864945,0.218170160000047,0.229779547103152,0.222262278571684,0.356434475915967,0.284438573365064,0.271889168353051,0.22046159752313,0.248074341310321,0.175572487533041,0.181856269980933,0.214943186891295,0.303860037900452,0.297555834788372,0.526215673189972,0.580952631824299,0.354034924237584,0.306983623315862,0.4342321380028,0.315123338432936,0.352322684183558,0.445321137288194,0.489787708049055,0.479049855907923,0.605509382189702,0.568150011475185,0.489943633565367,0.628110855226353,0.859380494633548,0.883435507737689,0.840966841557529,0.89464155958373,0.853989696446168,0.885922335796176,0.781711188846422,0.785253038741656,0.767452472401886,0.85147044786452,0.73744869356245,0.744605524734482,0.719243543691866,0.731873344218844,0.845335655764534,0.757147513319797,0.73218592577339,0.734764066889362,0.724734754626338,0.718148333023605,0.723799853505628,0.72584271417656,0.724916595509396,0.719558667516401,0.7185266717084,0.691829409139706,0.727690233399963,0.671855626420266,0.719525456764574,0.718797709426882,0.669853982170584,0.687853425442409,0.736059552562486,0.735924307693344,0.745533316531903,0.708395036244724,0.747313401820923,0.793474726088159,0.889989759731725,0.985869444109923,1,0.98851385986037,0.970559859419528,0.95313874600665,0.92803716621665,0.832814695216616
"295 Oligo NN",0.251779901346616,0.340488899398516,0.237629534830259,0.298472084097128,0.31864745746792,0.38664931439389,0.335861471037879,0.460631359033544,0.46598947976655,0.462770697490015,0.351674435189082,0.315544272994121,0.376843147230234,0.305739721970998,0.379818629125583,0.353756730398944,0.250912250625711,0.290205233636686,0.282351057328759,0.37245874819194,0.305276568878018,0.246233511053356,0.299219229226888,0.318384671155942,0.274012665739684,0.2340657507941,0.230069254819082,0.251096585477171,0.311469541472093,0.335152372305626,0.325767017374751,0.279724387189655,0.204742178335432,0.353767631987435,0.29203417205107,0.357047328733387,0.280897788977295,0.242027764213567,0.251285396319444,0.291986339732672,0.217690260573325,0.185270997081129,0.479861864595818,0.511413579320269,0.461827301256398,0.496819454118886,0.469552502890438,0.333990171155189,0.295389247282488,0.368396563131782,0.185540403241476,0.214787008476028,0.276131971927256,0.240274147816293,0.714525306171683,0.66673722863585,0.740935819052899,0.731000831107328,0.714412576705346,0.659935960295962,0.683859365283107,0.675669701136074,0.759665835235764,0.703740794227286,0.767995482633321,0.770054102623807,0.810531668833563,0.800048271531606,0.692785565187397,0.731241147083902,0.771927340245943,0.80557646253568,0.810296976020462,0.788292261908176,0.775627337126693,0.784946304799949,0.732049905232633,0.803358421398855,0.714990312330042,0.698947861261554,0.716297695533742,0.695340610169326,0.709377709642772,0.695536698043504,0.708228400451363,0.707757650941802,0.738431062899113,0.750304145485258,0.757971556577794,0.723431607728952,0.727203663898408,0.733690261508568,0.735135131438909,0.974491457504951,0.975669956147534,0.992998230442183,0.999918649428883,0.954175389527269,0.971203072159672,0.971000818297467
"299 Peri NN",0.414659872187049,0.351108876870269,0.130697138156853,0.277982569099358,0.275785030071118,0.330122310386393,0.271273589523172,0.461412942281927,0.400459788779169,0.416734527141446,0.471268248672486,0.272922376143365,0.379083358500026,0.428900325497734,0.646412857964833,0.562689864107884,0.276594048094285,0.580894713960672,0.59276908300961,0.674817530862005,0.693443779387747,0.641759400891623,0.336817595057871,0.374953452965172,0.546047487071191,0.430443888536191,0.503217465380146,0.643543757637753,0.623053584973003,0.584610343543564,0.286049072263333,0.418851964807164,0.313176697621594,0.539284640612248,0.227547662426293,0.262968155638116,0.158224642861176,0.171378123643521,0.177450877245119,0.177994086610127,0.168919693603256,0.344712471996824,0.416259903482054,0.472094949078287,0.402439703554092,0.469049184648224,0.461629047985311,0.267308626994948,0.20340819778128,0.3219634032846,0.210094897632287,0.318221417528905,0.252756162821994,0.301447889401162,0.590690939084831,0.481875879536207,0.61027753195703,0.611497536188369,0.607318313832028,0.347170077529036,0.564070953267149,0.536334791134324,0.6191129732454,0.40715734646427,0.696373250195534,0.672674169070538,0.690469231398969,0.687981686899068,0.440020444358001,0.754548234396018,0.775441079431287,0.787074768040481,0.813201371087761,0.814449040285661,0.784161866214451,0.7916714782681,0.764593852325253,0.800372434558609,0.657851540967316,0.615415671675042,0.660617279156321,0.645608498049336,0.652124041425182,0.598390004023315,0.692095406165516,0.690586214049207,0.723069433806923,0.757006391728068,0.749752458683302,0.688837569606213,0.71084263928807,0.712321482931521,0.702665590616856,0.987783885441284,0.94141753070812,0.928232792519968,0.971721481568054,0.999971731683794,0.99020063841916,0.976335008233014
"301 Endo NN",0.401331376555148,0.256615380139102,0.159840596200701,0.241366483027286,0.314393571540441,0.34476258870317,0.257210853904223,0.46541152858856,0.455210892869843,0.46835285945681,0.358133202336551,0.367952831875521,0.361081289782269,0.369596076562734,0.466191834306494,0.412811964592695,0.190907817327832,0.417078634519927,0.400963839351745,0.651264213222875,0.672052861769031,0.541944329887652,0.225092345753572,0.315028079608907,0.427709409084028,0.292142494223662,0.376156096060359,0.486656872006194,0.495673942413835,0.510333904533372,0.282544827537077,0.369602189121004,0.226985189263013,0.490646719569488,0.352012575272787,0.387438830109448,0.359098966697596,0.217162589159111,0.274930962788353,0.275387932421364,0.339857897360614,0.23891344713657,0.570074017681397,0.600237453619826,0.57618379340104,0.597170006784194,0.546258897522001,0.452746290817555,0.446749566450116,0.505406080684099,0.25411462632828,0.344597804374717,0.332994064810661,0.349210131626015,0.429500949118758,0.398930780971658,0.522725808409109,0.476298688609415,0.453967894432608,0.367053827229226,0.454815707222291,0.500433138237156,0.674731898367576,0.579883331463244,0.754865135647525,0.708575746523202,0.743143632348708,0.739906535006139,0.374602411000418,0.73322384333394,0.773213720753173,0.784884575627322,0.783190019256733,0.795062764403234,0.773251373899071,0.768456750813297,0.72887616611628,0.805446099502774,0.715683767563157,0.685395144947843,0.655754330601919,0.700529029061683,0.71700812282323,0.680718584427476,0.735871392660468,0.734750182724507,0.712159180740163,0.716400769300278,0.68423207976224,0.70781655381416,0.71476867426612,0.674916391319865,0.688762951612773,0.972803896070175,0.941254021135659,0.959069298649071,0.967485006188648,0.986185680113721,0.999720239428641,0.982547054694349
"302 Microglia NN",0.379931821808409,0.341710243815848,0.241816422177393,0.21331795397021,0.215197891202183,0.359453215405742,0.261671152454615,0.432157264913332,0.418855436754521,0.388330728414739,0.412188083505624,0.553722824440279,0.312975397801699,0.425631501575228,0.432869134799534,0.42417588767082,0.33164491506192,0.39437868315005,0.41674161723305,0.491375888036659,0.508326387374074,0.350297984647026,0.355020849204505,0.347467679800063,0.551254511108335,0.378059024737586,0.37652984213306,0.403440967180071,0.491845074869984,0.500318706891785,0.328037921949393,0.328610487952826,0.208692892286687,0.477593319890839,0.340159290642663,0.376932130080602,0.280722709739512,0.161875235398444,0.18044122631422,0.218756705850854,0.301875736050995,0.26221253867408,0.547968471512416,0.612292758223043,0.486933297066647,0.558541357167966,0.516364056066445,0.326176314031852,0.397845963572489,0.435658566753248,0.063457891160486,0.173992738620129,0.126496257120109,0.137826264907317,0.50715574545572,0.52600357525729,0.620751106880308,0.552031478631777,0.528993888933881,0.509413193531554,0.612864234966016,0.609530549479673,0.763224744259525,0.594972340429804,0.816735757078784,0.692968340739657,0.732182900661034,0.72787259370319,0.420561624074348,0.792121821151409,0.758308086761768,0.804448974525939,0.799787174961759,0.793025053555865,0.788241232587669,0.786838819297227,0.752406618599268,0.820205183449845,0.723124821785798,0.680494565859856,0.707895935373957,0.711849317874361,0.674109503636393,0.628062244359776,0.724992820089621,0.704279762414392,0.742161487578414,0.747906093904473,0.745622368074814,0.752695781705433,0.736566357088801,0.723096208666432,0.732615114961055,0.971155415875137,0.921279410132968,0.973856509474366,0.980965974217953,0.97975396414064,0.990951562570539,0.999945991451807
