"query","argmax_correct","true_mass","fam_margin","H_family","H_within","eff_leaves","n_true","eff_ratio","category","condition"
"001 Car3 Glut",TRUE,0.95074722335946,0.917583494954029,0.227426597609652,0,1.25536528955913,1,1.25536528955913,"confident_correct","random"
"003 L5/6 IT TPE-ENT Glut",TRUE,0.716651084385932,0.483504968795112,0.728436556444202,0.691222760882309,3.40009066547498,2,1.70004533273749,"underconfident_correct","random"
"004 L6 IT CTX Glut",TRUE,1,1,-2.22044604925031e-16,2.0950268433979,8.12565908758517,11,0.738696280689561,"confident_correct","random"
"005 L5 IT CTX Glut",TRUE,0.663747211319867,0.327494422639735,0.638518631103764,1.05616653085134,3.81731089541155,4,0.954327723852888,"underconfident_correct","random"
"006 L4/5 IT CTX Glut",TRUE,1,1,2.22044604925031e-16,2.25357385336133,9.5217042759247,13,0.732438790455746,"confident_correct","random"
"007 L2/3 IT CTX Glut",TRUE,0.966585644568201,0.933171289136402,0.146417469598274,1.31234118773609,4.11610621255966,4,1.02902655313991,"confident_correct","random"
"022 L5 ET CTX Glut",TRUE,1,1,0,1.78668629902726,5.96963805955983,6,0.994939676593305,"confident_correct","random"
"027 L6b CTX Glut",TRUE,0.91909537421248,0.83819074842496,0.280973241475258,0.692194502948739,2.50218914620455,2,1.25109457310227,"confident_correct","random"
"028 L6 CT CTX Glut",TRUE,1,1,1.67638393345647e-270,1.90538600582934,6.72200185881091,8,0.840250232351364,"confident_correct","random"
"030 L5 NP CTX Glut",TRUE,1,1,2.22044604925031e-16,1.33260866277632,3.79091973113367,4,0.947729932783418,"confident_correct","random"
"036 Vip Gaba",TRUE,0.999999980117106,0.999999960234211,3.72474334003419e-07,1.99649405521752,7.36319828538238,8,0.920399785672798,"confident_correct","random"
"037 Sncg Gaba",TRUE,1,1,2.3325611950313e-73,1.09825738785829,2.99893548648008,3,0.999645162160027,"confident_correct","random"
"039 Lamp5 Gaba",TRUE,1,1,6.10150472541751e-181,1.3686127445859,3.92989514390846,4,0.982473785977116,"confident_correct","random"
"041 Pvalb chandelier Gaba",TRUE,1,1,4.24477759271022e-59,0,1,1,1,"confident_correct","random"
"042 Pvalb Gaba",TRUE,0.974469167438507,0.948938334877013,0.118845846225491,1.96236637864768,7.62255318660116,8,0.952819148325145,"confident_correct","random"
"043 Sst Gaba",TRUE,1,1,1.11022302462516e-16,2.45855237488194,11.6878796192871,14,0.834848544234796,"confident_correct","random"
"046 Sst Chodl Gaba",TRUE,1,1,2.75928873477846e-81,0,1,1,1,"confident_correct","random"
"287 Astro-TE NN",TRUE,1,1,9.4653338087664e-224,0,1,1,1,"confident_correct","random"
"294 OPC NN",TRUE,1,1,1.02465848658362e-53,0,1,1,1,"confident_correct","random"
"295 Oligo NN",TRUE,1,1,1.06008886829856e-166,1.3153268673144,3.72596868360462,4,0.931492170901154,"confident_correct","random"
"299 Peri NN",TRUE,1,1,2.2961162450439e-92,0,1,1,1,"confident_correct","random"
"301 Endo NN",TRUE,1,1,7.71189754097806e-83,0,1,1,1,"confident_correct","random"
"302 Microglia NN",TRUE,1,1,6.57934169093423e-200,0,1,1,1,"confident_correct","random"
"001 Car3 Glut",TRUE,0.980088733636805,0.960177467273666,0.097693576762161,0,1.10262486345685,1,1.10262486345685,"confident_correct","donor"
"003 L5/6 IT TPE-ENT Glut",TRUE,0.647048079023378,0.335479975945934,0.776815551176349,0.68995540747953,3.39821356743658,2,1.69910678371829,"underconfident_correct","donor"
"004 L6 IT CTX Glut",TRUE,1,1,-2.22044604925031e-16,2.13612816665384,8.46659284864032,11,0.769690258967302,"confident_correct","donor"
"005 L5 IT CTX Glut",TRUE,0.643699948247168,0.287399896494335,0.651259623940264,0.680426262154894,2.97204412507621,3,0.990681375025404,"underconfident_correct","donor"
"006 L4/5 IT CTX Glut",TRUE,1,1,3.33066907387547e-16,2.23688944728702,9.36415823100972,13,0.720319863923825,"confident_correct","donor"
"007 L2/3 IT CTX Glut",TRUE,0.963334942290109,0.926669884580218,0.157196679476205,1.29463670963091,4.07294147454214,4,1.01823536863553,"confident_correct","donor"
"022 L5 ET CTX Glut",TRUE,1,1,1.11022302462516e-16,1.78770319299371,5.9757116360528,6,0.995951939342134,"confident_correct","donor"
"027 L6b CTX Glut",TRUE,0.919183457959005,0.83836691591801,0.280759135310315,0.692459821120522,2.50241620763859,2,1.25120810381929,"confident_correct","donor"
"028 L6 CT CTX Glut",TRUE,1,1,1.79128292336509e-317,1.90354480187722,6.70963666933338,8,0.838704583666673,"confident_correct","donor"
"030 L5 NP CTX Glut",TRUE,1,1,-2.22044604925031e-16,1.32994223763833,3.78082499188072,4,0.945206247970179,"confident_correct","donor"
"036 Vip Gaba",TRUE,1,1,1.83566139398671e-148,1.99614545105225,7.3606294416864,8,0.9200786802108,"confident_correct","donor"
"037 Sncg Gaba",TRUE,1,1,4.57487246310238e-96,1.09828368043642,2.99901433726226,3,0.999671445754087,"confident_correct","donor"
"039 Lamp5 Gaba",TRUE,1,1,9.33114858722664e-317,1.35085964713684,3.86074298122413,4,0.965185745306032,"confident_correct","donor"
"041 Pvalb chandelier Gaba",TRUE,1,1,7.83144642652231e-176,0,1,1,1,"confident_correct","donor"
"042 Pvalb Gaba",TRUE,0.971244453478712,0.942488906957424,0.130389351570727,1.96336480751224,7.66984595452976,8,0.95873074431622,"confident_correct","donor"
"043 Sst Gaba",TRUE,1,1,-2.22044604925031e-16,2.44495736433921,11.5300579967174,14,0.823575571194099,"confident_correct","donor"
"046 Sst Chodl Gaba",TRUE,1,1,2.39559970603132e-160,0,1,1,1,"confident_correct","donor"
"287 Astro-TE NN",TRUE,1,1,2.26816150758445e-318,0,1,1,1,"confident_correct","donor"
"294 OPC NN",TRUE,1,1,1.00044885709909e-92,0,1,1,1,"confident_correct","donor"
"295 Oligo NN",TRUE,1,1,1.26454386776142e-259,0.691620752164539,1.99694947200777,2,0.998474736003884,"confident_correct","donor"
"299 Peri NN",TRUE,1,1,5.11392449039664e-146,0,1,1,1,"confident_correct","donor"
"301 Endo NN",TRUE,1,1,1.57161545296384e-182,0,1,1,1,"confident_correct","donor"
"302 Microglia NN",TRUE,1,1,1.346190051631e-312,0,1,1,1,"confident_correct","donor"
"001 Car3 Glut",TRUE,0.911854893099739,0.823709786199477,0.298225141170737,0,1.34746512360705,1,1.34746512360705,"confident_correct","platform"
"003 L5/6 IT TPE-ENT Glut",TRUE,0.561928000363256,0.235678771395776,1.00822061272616,0.69043835614045,4.0398083695415,2,2.01990418477075,"underconfident_correct","platform"
"004 L6 IT CTX Glut",TRUE,0.907049826332634,0.814099652665267,0.30931082753287,2.09513778382704,9.11302938930957,11,0.828457217209961,"confident_correct","platform"
"005 L5 IT CTX Glut",TRUE,0.560958371938,0.159944935028052,0.81505543829004,0.672162020564674,3.29402542737058,4,0.823506356842645,"underconfident_correct","platform"
"006 L4/5 IT CTX Glut",TRUE,1,1,1.99654565794997e-316,2.13506638720697,8.45760796519497,13,0.65058522809192,"confident_correct","platform"
"007 L2/3 IT CTX Glut",TRUE,0.96373072116699,0.927461442333981,0.155900820630863,1.25038854999845,3.8998522962415,4,0.974963074060375,"confident_correct","platform"
"022 L5 ET CTX Glut",TRUE,1,1,0,1.78889290661008,5.9828252522977,6,0.997137542049617,"confident_correct","platform"
"027 L6b CTX Glut",TRUE,0.908313376423956,0.816626752847912,0.306422784251771,0.693025751155135,2.54952570602211,2,1.27476285301105,"confident_correct","platform"
"028 L6 CT CTX Glut",TRUE,1,1,1.11022302462516e-16,1.91564917317177,6.79134612598985,8,0.848918265748732,"confident_correct","platform"
"030 L5 NP CTX Glut",TRUE,1,1,2.22044604925031e-16,1.32924572900298,3.77819253149723,4,0.944548132874308,"confident_correct","platform"
"036 Vip Gaba",TRUE,1,1,2.22044604925031e-16,1.9899420649649,7.31510994888122,8,0.914388743610152,"confident_correct","platform"
"037 Sncg Gaba",TRUE,1,1,2.45954221454417e-33,1.09856134642469,2.99984717716235,3,0.999949059054116,"confident_correct","platform"
"039 Lamp5 Gaba",TRUE,1,1,7.88995613391385e-317,1.3431596859565,3.83112956752271,4,0.957782391880676,"confident_correct","platform"
"041 Pvalb chandelier Gaba",TRUE,1,1,8.27183480250161e-74,0,1,1,1,"confident_correct","platform"
"042 Pvalb Gaba",TRUE,1,1,7.36872774699554e-317,1.94855710535589,7.01855323807668,8,0.877319154759584,"confident_correct","platform"
"043 Sst Gaba",TRUE,1,1,7.77367234944301e-317,2.52195153429195,12.4528751786393,14,0.889491084188524,"confident_correct","platform"
"046 Sst Chodl Gaba",TRUE,1,1,1.9072905251399e-317,0,1,1,1,"confident_correct","platform"
"287 Astro-TE NN",TRUE,1,1,2.2645202437746e-318,0,1,1,1,"confident_correct","platform"
"294 OPC NN",TRUE,0.997650746498342,0.995301492996684,0.0165680682981565,0,1.01670607988334,1,1.01670607988334,"confident_correct","platform"
"295 Oligo NN",TRUE,1,1,3.35770965438878e-318,1.28234599623418,3.60508733397551,4,0.901271833493879,"confident_correct","platform"
"299 Peri NN",TRUE,1,1,3.78344108075372e-318,0,1,1,1,"confident_correct","platform"
"301 Endo NN",TRUE,1,1,4.06415435875134e-318,0,1,1,1,"confident_correct","platform"
"302 Microglia NN",TRUE,1,1,7.67560624753127e-319,0,1,1,1,"confident_correct","platform"
