"query","selected","auroc","compactness","relation","correct"
"0004 Car3 Glut_1","001 Car3 Glut",1,1,"leaf",TRUE
"0026 L5/6 IT TPE-ENT Glut_2","003 L5/6 IT TPE-ENT Glut",0.938757011266971,1,"leaf",TRUE
"0029 L5/6 IT TPE-ENT Glut_3","003 L5/6 IT TPE-ENT Glut",0.97429665666962,0.941176470588235,"leaf",TRUE
"0034 L6 IT CTX Glut_1",NA,NA,NA,"discordant",FALSE
"0035 L6 IT CTX Glut_1","004 L6 IT CTX Glut",0.946117308101794,0.704918032786885,"leaf",TRUE
"0036 L6 IT CTX Glut_1","004 L6 IT CTX Glut",0.97840307901857,0.745098039215686,"leaf",TRUE
"0037 L6 IT CTX Glut_1",NA,NA,NA,"discordant",FALSE
"0038 L6 IT CTX Glut_2",NA,NA,NA,"discordant",FALSE
"0041 L6 IT CTX Glut_2","004 L6 IT CTX Glut",0.988337517845715,0.89,"leaf",TRUE
"0042 L6 IT CTX Glut_2",NA,NA,NA,"discordant",FALSE
"0044 L6 IT CTX Glut_3","005 L5 IT CTX Glut",0.957416038193921,0.508130081300813,"discordant",FALSE
"0049 L6 IT CTX Glut_4",NA,NA,NA,"discordant",FALSE
"0053 L6 IT CTX Glut_5","004 L6 IT CTX Glut",0.945891939870193,0.84070796460177,"leaf",TRUE
"0054 L6 IT CTX Glut_5","003 L5/6 IT TPE-ENT Glut",0.911457902455533,0.781609195402299,"leaf",FALSE
"0055 L5 IT CTX Glut_1",NA,NA,NA,"discordant",FALSE
"0056 L5 IT CTX Glut_1","005 L5 IT CTX Glut",0.96787232414885,0.755681818181818,"leaf",TRUE
"0061 L5 IT CTX Glut_3","005 L5 IT CTX Glut",0.8936451901891,0.546666666666667,"discordant",TRUE
"0065 L5 IT CTX Glut_5","003 L5/6 IT TPE-ENT Glut",0.989982523507114,0.986666666666667,"leaf",FALSE
"0069 L4/5 IT CTX Glut_1","006 L4/5 IT CTX Glut",0.945720763074866,0.976190476190476,"leaf",TRUE
"0072 L4/5 IT CTX Glut_1","006 L4/5 IT CTX Glut",0.971640082705656,1,"leaf",TRUE
"0075 L4/5 IT CTX Glut_2","006 L4/5 IT CTX Glut",0.925018998938718,0.993939393939394,"leaf",TRUE
"0076 L4/5 IT CTX Glut_2","006 L4/5 IT CTX Glut",0.885489191319862,0.9,"leaf",TRUE
"0078 L4/5 IT CTX Glut_2","006 L4/5 IT CTX Glut",0.946700881209078,1,"leaf",TRUE
"0083 L4/5 IT CTX Glut_3","003 L5/6 IT TPE-ENT Glut",0.96771765798024,0.992424242424242,"leaf",FALSE
"0084 L4/5 IT CTX Glut_3","005 L5 IT CTX Glut",0.879237680303254,0.463333333333333,"discordant",FALSE
"0090 L4/5 IT CTX Glut_4","006 L4/5 IT CTX Glut",0.871481878092848,0.714285714285714,"leaf",TRUE
"0091 L4/5 IT CTX Glut_4",NA,NA,NA,"discordant",FALSE
"0094 L4/5 IT CTX Glut_4","007 L2/3 IT CTX Glut",0.930504197756069,0.650943396226415,"discordant",FALSE
"0096 L4/5 IT CTX Glut_5","006 L4/5 IT CTX Glut",0.976339290109782,0.98,"leaf",TRUE
"0098 L4/5 IT CTX Glut_5","006 L4/5 IT CTX Glut",0.898768080521028,0.827027027027027,"leaf",TRUE
"0099 L4/5 IT CTX Glut_5","006 L4/5 IT CTX Glut",0.903680091164932,0.807017543859649,"leaf",TRUE
"0104 L2/3 IT CTX Glut_1","007 L2/3 IT CTX Glut",0.970934891341803,0.987577639751553,"leaf",TRUE
"0105 L2/3 IT CTX Glut_1","007 L2/3 IT CTX Glut",0.989220552507522,0.994505494505495,"leaf",TRUE
"0106 L2/3 IT CTX Glut_1","007 L2/3 IT CTX Glut",0.970279131590607,0.986666666666667,"leaf",TRUE
"0109 L2/3 IT CTX Glut_2","007 L2/3 IT CTX Glut",0.965888347363757,0.96,"leaf",TRUE
"0351 L5 ET CTX Glut_1","022 L5 ET CTX Glut",0.995493379853283,1,"leaf",TRUE
"0352 L5 ET CTX Glut_1","022 L5 ET CTX Glut",0.976381717345573,1,"leaf",TRUE
"0361 L5 ET CTX Glut_2","022 L5 ET CTX Glut",0.97879571243346,1,"leaf",TRUE
"0362 L5 ET CTX Glut_2","022 L5 ET CTX Glut",0.966721608170125,0.977777777777778,"leaf",TRUE
"0377 L5 ET CTX Glut_5","022 L5 ET CTX Glut",0.986385641144166,1,"leaf",TRUE
"0379 L5 ET CTX Glut_5","022 L5 ET CTX Glut",0.971795975052825,1,"leaf",TRUE
"0421 L6b CTX Glut_1","027 L6b CTX Glut",0.995630648591175,1,"leaf",TRUE
"0430 L6b CTX Glut_3","027 L6b CTX Glut",0.999747718232369,1,"leaf",TRUE
"0433 L6 CT CTX Glut_1","028 L6 CT CTX Glut",0.98391621129326,1,"leaf",TRUE
"0436 L6 CT CTX Glut_1","028 L6 CT CTX Glut",0.948415054398661,1,"leaf",TRUE
"0439 L6 CT CTX Glut_2","028 L6 CT CTX Glut",0.969470736343568,1,"leaf",TRUE
"0440 L6 CT CTX Glut_2","028 L6 CT CTX Glut",0.943284836964469,1,"leaf",TRUE
"0441 L6 CT CTX Glut_2","028 L6 CT CTX Glut",0.968237986395754,1,"leaf",TRUE
"0445 L6 CT CTX Glut_3","028 L6 CT CTX Glut",0.916144623675425,1,"leaf",TRUE
"0449 L6 CT CTX Glut_5","027 L6b CTX Glut",0.985738133255915,0.5,"discordant",FALSE
"0452 L6 CT CTX Glut_5","028 L6 CT CTX Glut",0.945658445330577,0.97,"leaf",TRUE
"0461 L5 NP CTX Glut_2","030 L5 NP CTX Glut",0.978534616730508,1,"leaf",TRUE
"0463 L5 NP CTX Glut_2","030 L5 NP CTX Glut",0.987756100903511,1,"leaf",TRUE
"0465 L5 NP CTX Glut_3","030 L5 NP CTX Glut",0.994441244523212,1,"leaf",TRUE
"0470 L5 NP CTX Glut_4","030 L5 NP CTX Glut",0.950472739820566,0.738095238095238,"leaf",TRUE
"0497 Vip Gaba_1","036 Vip Gaba",0.969301198330416,0.918367346938776,"leaf",TRUE
"0513 Vip Gaba_3","036 Vip Gaba",0.988148650837106,1,"leaf",TRUE
"0514 Vip Gaba_3","036 Vip Gaba",0.976236177507364,0.916666666666667,"leaf",TRUE
"0516 Vip Gaba_3","036 Vip Gaba",0.980592048317913,1,"leaf",TRUE
"0522 Vip Gaba_4","036 Vip Gaba",0.978368887551285,0.983606557377049,"leaf",TRUE
"0527 Vip Gaba_5","036 Vip Gaba",0.9969507220317,1,"leaf",TRUE
"0529 Vip Gaba_5","036 Vip Gaba",0.985568750535748,0.981818181818182,"leaf",TRUE
"0533 Vip Gaba_6",NA,NA,NA,"discordant",FALSE
"0547 Sncg Gaba_6","037 Sncg Gaba",0.997676112187162,1,"leaf",TRUE
"0553 Sncg Gaba_3","037 Sncg Gaba",0.995582528510153,1,"leaf",TRUE
"0560 Sncg Gaba_4","037 Sncg Gaba",0.998678110966247,1,"leaf",TRUE
"0580 Lamp5 Gaba_1","039 Lamp5 Gaba",0.997483608919274,1,"leaf",TRUE
"0581 Lamp5 Gaba_1","039 Lamp5 Gaba",0.981262180190439,1,"leaf",TRUE
"0582 Lamp5 Gaba_1","039 Lamp5 Gaba",0.990834794939732,1,"leaf",TRUE
"0587 Lamp5 Gaba_2",NA,NA,NA,"discordant",FALSE
"0605 Pvalb chandelier Gaba","041 Pvalb chandelier Gaba",1,1,"leaf",TRUE
"0607 Pvalb Gaba_1","042 Pvalb Gaba",0.96415859472362,1,"leaf",TRUE
"0618 Pvalb Gaba_3","042 Pvalb Gaba",0.965439805940751,1,"leaf",TRUE
"0619 Pvalb Gaba_3","042 Pvalb Gaba",0.987541820242089,1,"leaf",TRUE
"0620 Pvalb Gaba_8","042 Pvalb Gaba",0.992137588307377,1,"leaf",TRUE
"0621 Pvalb Gaba_3","042 Pvalb Gaba",0.966083532695375,0.991228070175439,"leaf",TRUE
"0624 Pvalb Gaba_4","042 Pvalb Gaba",0.945947230267922,1,"leaf",TRUE
"0625 Pvalb Gaba_5","042 Pvalb Gaba",0.955633270908131,1,"leaf",TRUE
"0628 Pvalb Gaba_4","042 Pvalb Gaba",0.965966576126586,0.9921875,"leaf",TRUE
"0631 Sst Gaba_13","043 Sst Gaba",0.982733696998519,1,"leaf",TRUE
"0638 Sst Gaba_1","043 Sst Gaba",0.947306472271699,0.879310344827586,"leaf",TRUE
"0641 Sst Gaba_12","043 Sst Gaba",0.94851966873706,0.952380952380952,"leaf",TRUE
"0664 Sst Gaba_4","043 Sst Gaba",0.996645003342111,1,"leaf",TRUE
"0665 Sst Gaba_11","043 Sst Gaba",0.982237492331811,1,"leaf",TRUE
"0666 Sst Gaba_4","043 Sst Gaba",0.978479051383399,1,"leaf",TRUE
"0668 Sst Gaba_4","043 Sst Gaba",0.981721659265506,1,"leaf",TRUE
"0669 Sst Gaba_4","043 Sst Gaba",0.99276035776704,1,"leaf",TRUE
"0673 Sst Gaba_16","043 Sst Gaba",0.967324497857219,1,"leaf",TRUE
"0675 Sst Gaba_5",NA,NA,NA,"discordant",FALSE
"0677 Sst Gaba_5","043 Sst Gaba",0.953973569876901,1,"leaf",TRUE
"0688 Sst Gaba_7","043 Sst Gaba",0.963676933310061,1,"leaf",TRUE
"0695 Sst Gaba_10","043 Sst Gaba",0.961753175992188,0.987012987012987,"leaf",TRUE
"0697 Sst Gaba_8","043 Sst Gaba",0.951848619998707,0.9,"leaf",TRUE
"0731 Sst Chodl Gaba_4","046 Sst Chodl Gaba",1,1,"leaf",TRUE
"5113 Astro-TE NN_3","287 Astro-TE NN",1,1,"leaf",TRUE
"5146 OPC NN_1","294 OPC NN",1,1,"leaf",TRUE
"5150 COP NN","294 OPC NN",0.977983692342405,0.916083916083916,"leaf",FALSE
"5152 COP NN",NA,NA,NA,"discordant",FALSE
"5155 MFOL NN","295 Oligo NN",0.999079147916969,1,"leaf",TRUE
"5158 MOL NN","295 Oligo NN",0.994869049377246,0.996666666666667,"leaf",TRUE
"5182 Peri NN","299 Peri NN",0.999996307783193,1,"leaf",TRUE
"5188 Endo NN","301 Endo NN",0.99854895879486,0.973333333333333,"leaf",TRUE
"5190 Microglia NN","302 Microglia NN",0.999988431054005,0.996666666666667,"leaf",TRUE
