cluster,curated_subclass,MetaArbor/primary,MetaArbor/seed977,OTHarmonizer/default,OTHarmonizer/v2_first,OTHarmonizer/v3_first,OTHarmonizer/v2f_r0,OTHarmonizer/v2f_r1,OTHarmonizer/v2f_r2,OTHarmonizer/v2f_r3,OTHarmonizer/v2f_r4,OTHarmonizer/v3f_r0,OTHarmonizer/v3f_r1,OTHarmonizer/v3f_r2,OTHarmonizer/v3f_r3,OTHarmonizer/v3f_r4
0004 Car3 Glut_1,001 Car3 Glut,exact:001 Car3 Glut,exact:001 Car3 Glut,exact:001 Car3 Glut,exact:001 Car3 Glut,exact:001 Car3 Glut,exact:001 Car3 Glut,exact:001 Car3 Glut,exact:001 Car3 Glut,exact:001 Car3 Glut,exact:001 Car3 Glut,exact:001 Car3 Glut,exact:001 Car3 Glut,exact:001 Car3 Glut,exact:001 Car3 Glut,exact:001 Car3 Glut
0026 L5/6 IT TPE-ENT Glut_2,003 L5/6 IT TPE-ENT Glut,consistent_coarse:003 L5/6 IT TPE-ENT Glut|004 L6 IT CTX Glut|005 L5 IT CTX Glut|006 L4/5 IT CTX Glut|007 L2/3 IT CTX Glut,consistent_coarse:003 L5/6 IT TPE-ENT Glut|004 L6 IT CTX Glut|005 L5 IT CTX Glut|006 L4/5 IT CTX Glut|007 L2/3 IT CTX Glut,exact:003 L5/6 IT TPE-ENT Glut,exact:003 L5/6 IT TPE-ENT Glut,exact:003 L5/6 IT TPE-ENT Glut,exact:003 L5/6 IT TPE-ENT Glut,exact:003 L5/6 IT TPE-ENT Glut,exact:003 L5/6 IT TPE-ENT Glut,exact:003 L5/6 IT TPE-ENT Glut,exact:003 L5/6 IT TPE-ENT Glut,exact:003 L5/6 IT TPE-ENT Glut,exact:003 L5/6 IT TPE-ENT Glut,exact:003 L5/6 IT TPE-ENT Glut,exact:003 L5/6 IT TPE-ENT Glut,exact:003 L5/6 IT TPE-ENT Glut
0029 L5/6 IT TPE-ENT Glut_3,003 L5/6 IT TPE-ENT Glut,consistent_coarse:003 L5/6 IT TPE-ENT Glut|004 L6 IT CTX Glut|005 L5 IT CTX Glut|006 L4/5 IT CTX Glut|007 L2/3 IT CTX Glut,consistent_coarse:003 L5/6 IT TPE-ENT Glut|004 L6 IT CTX Glut|005 L5 IT CTX Glut|006 L4/5 IT CTX Glut|007 L2/3 IT CTX Glut,exact:003 L5/6 IT TPE-ENT Glut,exact:003 L5/6 IT TPE-ENT Glut,exact:003 L5/6 IT TPE-ENT Glut,exact:003 L5/6 IT TPE-ENT Glut,exact:003 L5/6 IT TPE-ENT Glut,exact:003 L5/6 IT TPE-ENT Glut,exact:003 L5/6 IT TPE-ENT Glut,exact:003 L5/6 IT TPE-ENT Glut,exact:003 L5/6 IT TPE-ENT Glut,exact:003 L5/6 IT TPE-ENT Glut,exact:003 L5/6 IT TPE-ENT Glut,exact:003 L5/6 IT TPE-ENT Glut,exact:003 L5/6 IT TPE-ENT Glut
0034 L6 IT CTX Glut_1,004 L6 IT CTX Glut,consistent_coarse:003 L5/6 IT TPE-ENT Glut|004 L6 IT CTX Glut|005 L5 IT CTX Glut|006 L4/5 IT CTX Glut|007 L2/3 IT CTX Glut,consistent_coarse:003 L5/6 IT TPE-ENT Glut|004 L6 IT CTX Glut|005 L5 IT CTX Glut|006 L4/5 IT CTX Glut|007 L2/3 IT CTX Glut,exact:004 L6 IT CTX Glut,exact:004 L6 IT CTX Glut,exact:004 L6 IT CTX Glut,exact:004 L6 IT CTX Glut,exact:004 L6 IT CTX Glut,exact:004 L6 IT CTX Glut,exact:004 L6 IT CTX Glut,exact:004 L6 IT CTX Glut,exact:004 L6 IT CTX Glut,exact:004 L6 IT CTX Glut,exact:004 L6 IT CTX Glut,exact:004 L6 IT CTX Glut,exact:004 L6 IT CTX Glut
0035 L6 IT CTX Glut_1,004 L6 IT CTX Glut,consistent_coarse:003 L5/6 IT TPE-ENT Glut|004 L6 IT CTX Glut|005 L5 IT CTX Glut|006 L4/5 IT CTX Glut|007 L2/3 IT CTX Glut,consistent_coarse:003 L5/6 IT TPE-ENT Glut|004 L6 IT CTX Glut|005 L5 IT CTX Glut|006 L4/5 IT CTX Glut|007 L2/3 IT CTX Glut,exact:004 L6 IT CTX Glut,exact:004 L6 IT CTX Glut,exact:004 L6 IT CTX Glut,exact:004 L6 IT CTX Glut,exact:004 L6 IT CTX Glut,exact:004 L6 IT CTX Glut,exact:004 L6 IT CTX Glut,exact:004 L6 IT CTX Glut,exact:004 L6 IT CTX Glut,exact:004 L6 IT CTX Glut,exact:004 L6 IT CTX Glut,exact:004 L6 IT CTX Glut,exact:004 L6 IT CTX Glut
0036 L6 IT CTX Glut_1,004 L6 IT CTX Glut,consistent_coarse:003 L5/6 IT TPE-ENT Glut|004 L6 IT CTX Glut|005 L5 IT CTX Glut|006 L4/5 IT CTX Glut|007 L2/3 IT CTX Glut,consistent_coarse:003 L5/6 IT TPE-ENT Glut|004 L6 IT CTX Glut|005 L5 IT CTX Glut|006 L4/5 IT CTX Glut|007 L2/3 IT CTX Glut,exact:004 L6 IT CTX Glut,exact:004 L6 IT CTX Glut,exact:004 L6 IT CTX Glut,exact:004 L6 IT CTX Glut,exact:004 L6 IT CTX Glut,exact:004 L6 IT CTX Glut,exact:004 L6 IT CTX Glut,exact:004 L6 IT CTX Glut,exact:004 L6 IT CTX Glut,exact:004 L6 IT CTX Glut,exact:004 L6 IT CTX Glut,exact:004 L6 IT CTX Glut,exact:004 L6 IT CTX Glut
0037 L6 IT CTX Glut_1,004 L6 IT CTX Glut,consistent_coarse:003 L5/6 IT TPE-ENT Glut|004 L6 IT CTX Glut|005 L5 IT CTX Glut|006 L4/5 IT CTX Glut|007 L2/3 IT CTX Glut,consistent_coarse:003 L5/6 IT TPE-ENT Glut|004 L6 IT CTX Glut|005 L5 IT CTX Glut|006 L4/5 IT CTX Glut|007 L2/3 IT CTX Glut,wrong_lineage:003 L5/6 IT TPE-ENT Glut,wrong_lineage:003 L5/6 IT TPE-ENT Glut,wrong_lineage:003 L5/6 IT TPE-ENT Glut,root:,wrong_lineage:003 L5/6 IT TPE-ENT Glut,wrong_lineage:003 L5/6 IT TPE-ENT Glut,wrong_lineage:003 L5/6 IT TPE-ENT Glut,wrong_lineage:003 L5/6 IT TPE-ENT Glut,wrong_lineage:003 L5/6 IT TPE-ENT Glut,root:,wrong_lineage:003 L5/6 IT TPE-ENT Glut,wrong_lineage:003 L5/6 IT TPE-ENT Glut,wrong_lineage:003 L5/6 IT TPE-ENT Glut
0038 L6 IT CTX Glut_2,004 L6 IT CTX Glut,exact:004 L6 IT CTX Glut,exact:004 L6 IT CTX Glut,root:,exact:004 L6 IT CTX Glut,wrong_lineage:005 L5 IT CTX Glut,exact:004 L6 IT CTX Glut,exact:004 L6 IT CTX Glut,exact:004 L6 IT CTX Glut,exact:004 L6 IT CTX Glut,exact:004 L6 IT CTX Glut,exact:004 L6 IT CTX Glut,exact:004 L6 IT CTX Glut,exact:004 L6 IT CTX Glut,root:,exact:004 L6 IT CTX Glut
0041 L6 IT CTX Glut_2,004 L6 IT CTX Glut,exact:004 L6 IT CTX Glut,exact:004 L6 IT CTX Glut,exact:004 L6 IT CTX Glut,exact:004 L6 IT CTX Glut,exact:004 L6 IT CTX Glut,exact:004 L6 IT CTX Glut,exact:004 L6 IT CTX Glut,exact:004 L6 IT CTX Glut,exact:004 L6 IT CTX Glut,exact:004 L6 IT CTX Glut,exact:004 L6 IT CTX Glut,exact:004 L6 IT CTX Glut,exact:004 L6 IT CTX Glut,exact:004 L6 IT CTX Glut,root:
0042 L6 IT CTX Glut_2,004 L6 IT CTX Glut,consistent_coarse:003 L5/6 IT TPE-ENT Glut|004 L6 IT CTX Glut|005 L5 IT CTX Glut|006 L4/5 IT CTX Glut|007 L2/3 IT CTX Glut,consistent_coarse:003 L5/6 IT TPE-ENT Glut|004 L6 IT CTX Glut|005 L5 IT CTX Glut|006 L4/5 IT CTX Glut|007 L2/3 IT CTX Glut,exact:004 L6 IT CTX Glut,exact:004 L6 IT CTX Glut,exact:004 L6 IT CTX Glut,exact:004 L6 IT CTX Glut,exact:004 L6 IT CTX Glut,exact:004 L6 IT CTX Glut,exact:004 L6 IT CTX Glut,exact:004 L6 IT CTX Glut,exact:004 L6 IT CTX Glut,exact:004 L6 IT CTX Glut,exact:004 L6 IT CTX Glut,root:,exact:004 L6 IT CTX Glut
0044 L6 IT CTX Glut_3,004 L6 IT CTX Glut,consistent_coarse:003 L5/6 IT TPE-ENT Glut|004 L6 IT CTX Glut|005 L5 IT CTX Glut|006 L4/5 IT CTX Glut|007 L2/3 IT CTX Glut,consistent_coarse:003 L5/6 IT TPE-ENT Glut|004 L6 IT CTX Glut|005 L5 IT CTX Glut|006 L4/5 IT CTX Glut|007 L2/3 IT CTX Glut,root:,exact:004 L6 IT CTX Glut,exact:004 L6 IT CTX Glut,exact:004 L6 IT CTX Glut,exact:004 L6 IT CTX Glut,wrong_lineage:005 L5 IT CTX Glut,root:,root:,wrong_lineage:005 L5 IT CTX Glut,exact:004 L6 IT CTX Glut,root:,exact:004 L6 IT CTX Glut,root:
0049 L6 IT CTX Glut_4,004 L6 IT CTX Glut,consistent_coarse:003 L5/6 IT TPE-ENT Glut|004 L6 IT CTX Glut|005 L5 IT CTX Glut|006 L4/5 IT CTX Glut|007 L2/3 IT CTX Glut,consistent_coarse:003 L5/6 IT TPE-ENT Glut|004 L6 IT CTX Glut|005 L5 IT CTX Glut|006 L4/5 IT CTX Glut|007 L2/3 IT CTX Glut,exact:004 L6 IT CTX Glut,root:,exact:004 L6 IT CTX Glut,root:,root:,root:,exact:004 L6 IT CTX Glut,root:,exact:004 L6 IT CTX Glut,root:,root:,exact:004 L6 IT CTX Glut,exact:004 L6 IT CTX Glut
0053 L6 IT CTX Glut_5,004 L6 IT CTX Glut,consistent_coarse:003 L5/6 IT TPE-ENT Glut|004 L6 IT CTX Glut|005 L5 IT CTX Glut|006 L4/5 IT CTX Glut|007 L2/3 IT CTX Glut,consistent_coarse:003 L5/6 IT TPE-ENT Glut|004 L6 IT CTX Glut|005 L5 IT CTX Glut|006 L4/5 IT CTX Glut|007 L2/3 IT CTX Glut,exact:004 L6 IT CTX Glut,exact:004 L6 IT CTX Glut,exact:004 L6 IT CTX Glut,exact:004 L6 IT CTX Glut,exact:004 L6 IT CTX Glut,wrong_lineage:003 L5/6 IT TPE-ENT Glut,exact:004 L6 IT CTX Glut,exact:004 L6 IT CTX Glut,exact:004 L6 IT CTX Glut,exact:004 L6 IT CTX Glut,exact:004 L6 IT CTX Glut,exact:004 L6 IT CTX Glut,exact:004 L6 IT CTX Glut
0054 L6 IT CTX Glut_5,004 L6 IT CTX Glut,consistent_coarse:003 L5/6 IT TPE-ENT Glut|004 L6 IT CTX Glut|005 L5 IT CTX Glut|006 L4/5 IT CTX Glut|007 L2/3 IT CTX Glut,consistent_coarse:003 L5/6 IT TPE-ENT Glut|004 L6 IT CTX Glut|005 L5 IT CTX Glut|006 L4/5 IT CTX Glut|007 L2/3 IT CTX Glut,wrong_lineage:003 L5/6 IT TPE-ENT Glut,wrong_lineage:003 L5/6 IT TPE-ENT Glut,wrong_lineage:003 L5/6 IT TPE-ENT Glut,wrong_lineage:003 L5/6 IT TPE-ENT Glut,wrong_lineage:003 L5/6 IT TPE-ENT Glut,wrong_lineage:003 L5/6 IT TPE-ENT Glut,wrong_lineage:003 L5/6 IT TPE-ENT Glut,wrong_lineage:003 L5/6 IT TPE-ENT Glut,wrong_lineage:003 L5/6 IT TPE-ENT Glut,wrong_lineage:003 L5/6 IT TPE-ENT Glut,root:,wrong_lineage:003 L5/6 IT TPE-ENT Glut,wrong_lineage:003 L5/6 IT TPE-ENT Glut
0055 L5 IT CTX Glut_1,005 L5 IT CTX Glut,consistent_coarse:003 L5/6 IT TPE-ENT Glut|004 L6 IT CTX Glut|005 L5 IT CTX Glut|006 L4/5 IT CTX Glut|007 L2/3 IT CTX Glut,consistent_coarse:003 L5/6 IT TPE-ENT Glut|004 L6 IT CTX Glut|005 L5 IT CTX Glut|006 L4/5 IT CTX Glut|007 L2/3 IT CTX Glut,exact:005 L5 IT CTX Glut,exact:005 L5 IT CTX Glut,exact:005 L5 IT CTX Glut,exact:005 L5 IT CTX Glut,exact:005 L5 IT CTX Glut,exact:005 L5 IT CTX Glut,exact:005 L5 IT CTX Glut,exact:005 L5 IT CTX Glut,exact:005 L5 IT CTX Glut,exact:005 L5 IT CTX Glut,exact:005 L5 IT CTX Glut,exact:005 L5 IT CTX Glut,exact:005 L5 IT CTX Glut
0056 L5 IT CTX Glut_1,005 L5 IT CTX Glut,consistent_coarse:003 L5/6 IT TPE-ENT Glut|004 L6 IT CTX Glut|005 L5 IT CTX Glut|006 L4/5 IT CTX Glut|007 L2/3 IT CTX Glut,consistent_coarse:003 L5/6 IT TPE-ENT Glut|004 L6 IT CTX Glut|005 L5 IT CTX Glut|006 L4/5 IT CTX Glut|007 L2/3 IT CTX Glut,exact:005 L5 IT CTX Glut,exact:005 L5 IT CTX Glut,exact:005 L5 IT CTX Glut,exact:005 L5 IT CTX Glut,exact:005 L5 IT CTX Glut,exact:005 L5 IT CTX Glut,root:,exact:005 L5 IT CTX Glut,exact:005 L5 IT CTX Glut,exact:005 L5 IT CTX Glut,root:,root:,exact:005 L5 IT CTX Glut
0061 L5 IT CTX Glut_3,005 L5 IT CTX Glut,consistent_coarse:003 L5/6 IT TPE-ENT Glut|004 L6 IT CTX Glut|005 L5 IT CTX Glut|006 L4/5 IT CTX Glut|007 L2/3 IT CTX Glut,consistent_coarse:003 L5/6 IT TPE-ENT Glut|004 L6 IT CTX Glut|005 L5 IT CTX Glut|006 L4/5 IT CTX Glut|007 L2/3 IT CTX Glut,exact:005 L5 IT CTX Glut,root:,wrong_lineage:006 L4/5 IT CTX Glut,root:,root:,exact:005 L5 IT CTX Glut,root:,exact:005 L5 IT CTX Glut,exact:005 L5 IT CTX Glut,wrong_lineage:006 L4/5 IT CTX Glut,wrong_lineage:006 L4/5 IT CTX Glut,wrong_lineage:006 L4/5 IT CTX Glut,exact:005 L5 IT CTX Glut
0065 L5 IT CTX Glut_5,005 L5 IT CTX Glut,consistent_coarse:003 L5/6 IT TPE-ENT Glut|004 L6 IT CTX Glut|005 L5 IT CTX Glut|006 L4/5 IT CTX Glut|007 L2/3 IT CTX Glut,consistent_coarse:003 L5/6 IT TPE-ENT Glut|004 L6 IT CTX Glut|005 L5 IT CTX Glut|006 L4/5 IT CTX Glut|007 L2/3 IT CTX Glut,wrong_lineage:003 L5/6 IT TPE-ENT Glut,root:,root:,root:,exact:005 L5 IT CTX Glut,exact:005 L5 IT CTX Glut,wrong_lineage:003 L5/6 IT TPE-ENT Glut,wrong_lineage:003 L5/6 IT TPE-ENT Glut,wrong_lineage:003 L5/6 IT TPE-ENT Glut,root:,wrong_lineage:003 L5/6 IT TPE-ENT Glut,wrong_lineage:003 L5/6 IT TPE-ENT Glut,wrong_lineage:003 L5/6 IT TPE-ENT Glut
0069 L4/5 IT CTX Glut_1,006 L4/5 IT CTX Glut,exact:006 L4/5 IT CTX Glut,exact:006 L4/5 IT CTX Glut,exact:006 L4/5 IT CTX Glut,exact:006 L4/5 IT CTX Glut,exact:006 L4/5 IT CTX Glut,exact:006 L4/5 IT CTX Glut,exact:006 L4/5 IT CTX Glut,exact:006 L4/5 IT CTX Glut,exact:006 L4/5 IT CTX Glut,exact:006 L4/5 IT CTX Glut,exact:006 L4/5 IT CTX Glut,exact:006 L4/5 IT CTX Glut,exact:006 L4/5 IT CTX Glut,exact:006 L4/5 IT CTX Glut,exact:006 L4/5 IT CTX Glut
0072 L4/5 IT CTX Glut_1,006 L4/5 IT CTX Glut,exact:006 L4/5 IT CTX Glut,exact:006 L4/5 IT CTX Glut,exact:006 L4/5 IT CTX Glut,exact:006 L4/5 IT CTX Glut,exact:006 L4/5 IT CTX Glut,exact:006 L4/5 IT CTX Glut,exact:006 L4/5 IT CTX Glut,exact:006 L4/5 IT CTX Glut,exact:006 L4/5 IT CTX Glut,exact:006 L4/5 IT CTX Glut,exact:006 L4/5 IT CTX Glut,exact:006 L4/5 IT CTX Glut,exact:006 L4/5 IT CTX Glut,exact:006 L4/5 IT CTX Glut,exact:006 L4/5 IT CTX Glut
0075 L4/5 IT CTX Glut_2,006 L4/5 IT CTX Glut,consistent_coarse:003 L5/6 IT TPE-ENT Glut|004 L6 IT CTX Glut|005 L5 IT CTX Glut|006 L4/5 IT CTX Glut|007 L2/3 IT CTX Glut,consistent_coarse:003 L5/6 IT TPE-ENT Glut|004 L6 IT CTX Glut|005 L5 IT CTX Glut|006 L4/5 IT CTX Glut|007 L2/3 IT CTX Glut,exact:006 L4/5 IT CTX Glut,exact:006 L4/5 IT CTX Glut,exact:006 L4/5 IT CTX Glut,exact:006 L4/5 IT CTX Glut,exact:006 L4/5 IT CTX Glut,exact:006 L4/5 IT CTX Glut,wrong_lineage:005 L5 IT CTX Glut,exact:006 L4/5 IT CTX Glut,exact:006 L4/5 IT CTX Glut,exact:006 L4/5 IT CTX Glut,exact:006 L4/5 IT CTX Glut,exact:006 L4/5 IT CTX Glut,exact:006 L4/5 IT CTX Glut
0076 L4/5 IT CTX Glut_2,006 L4/5 IT CTX Glut,consistent_coarse:003 L5/6 IT TPE-ENT Glut|004 L6 IT CTX Glut|005 L5 IT CTX Glut|006 L4/5 IT CTX Glut|007 L2/3 IT CTX Glut,consistent_coarse:003 L5/6 IT TPE-ENT Glut|004 L6 IT CTX Glut|005 L5 IT CTX Glut|006 L4/5 IT CTX Glut|007 L2/3 IT CTX Glut,exact:006 L4/5 IT CTX Glut,root:,exact:006 L4/5 IT CTX Glut,root:,exact:006 L4/5 IT CTX Glut,exact:006 L4/5 IT CTX Glut,root:,exact:006 L4/5 IT CTX Glut,exact:006 L4/5 IT CTX Glut,exact:006 L4/5 IT CTX Glut,exact:006 L4/5 IT CTX Glut,exact:006 L4/5 IT CTX Glut,exact:006 L4/5 IT CTX Glut
0078 L4/5 IT CTX Glut_2,006 L4/5 IT CTX Glut,consistent_coarse:003 L5/6 IT TPE-ENT Glut|004 L6 IT CTX Glut|005 L5 IT CTX Glut|006 L4/5 IT CTX Glut|007 L2/3 IT CTX Glut,consistent_coarse:003 L5/6 IT TPE-ENT Glut|004 L6 IT CTX Glut|005 L5 IT CTX Glut|006 L4/5 IT CTX Glut|007 L2/3 IT CTX Glut,exact:006 L4/5 IT CTX Glut,exact:006 L4/5 IT CTX Glut,exact:006 L4/5 IT CTX Glut,exact:006 L4/5 IT CTX Glut,exact:006 L4/5 IT CTX Glut,exact:006 L4/5 IT CTX Glut,root:,exact:006 L4/5 IT CTX Glut,exact:006 L4/5 IT CTX Glut,exact:006 L4/5 IT CTX Glut,exact:006 L4/5 IT CTX Glut,exact:006 L4/5 IT CTX Glut,exact:006 L4/5 IT CTX Glut
0083 L4/5 IT CTX Glut_3,006 L4/5 IT CTX Glut,consistent_coarse:003 L5/6 IT TPE-ENT Glut|004 L6 IT CTX Glut|005 L5 IT CTX Glut|006 L4/5 IT CTX Glut|007 L2/3 IT CTX Glut,consistent_coarse:003 L5/6 IT TPE-ENT Glut|004 L6 IT CTX Glut|005 L5 IT CTX Glut|006 L4/5 IT CTX Glut|007 L2/3 IT CTX Glut,wrong_lineage:003 L5/6 IT TPE-ENT Glut,wrong_lineage:003 L5/6 IT TPE-ENT Glut,exact:006 L4/5 IT CTX Glut,root:,wrong_lineage:003 L5/6 IT TPE-ENT Glut,wrong_lineage:003 L5/6 IT TPE-ENT Glut,exact:006 L4/5 IT CTX Glut,wrong_lineage:003 L5/6 IT TPE-ENT Glut,wrong_lineage:003 L5/6 IT TPE-ENT Glut,wrong_lineage:003 L5/6 IT TPE-ENT Glut,exact:006 L4/5 IT CTX Glut,root:,wrong_lineage:003 L5/6 IT TPE-ENT Glut
0084 L4/5 IT CTX Glut_3,006 L4/5 IT CTX Glut,consistent_coarse:003 L5/6 IT TPE-ENT Glut|004 L6 IT CTX Glut|005 L5 IT CTX Glut|006 L4/5 IT CTX Glut|007 L2/3 IT CTX Glut,consistent_coarse:003 L5/6 IT TPE-ENT Glut|004 L6 IT CTX Glut|005 L5 IT CTX Glut|006 L4/5 IT CTX Glut|007 L2/3 IT CTX Glut,wrong_lineage:005 L5 IT CTX Glut,root:,exact:006 L4/5 IT CTX Glut,exact:006 L4/5 IT CTX Glut,wrong_lineage:005 L5 IT CTX Glut,wrong_lineage:005 L5 IT CTX Glut,wrong_lineage:005 L5 IT CTX Glut,exact:006 L4/5 IT CTX Glut,exact:006 L4/5 IT CTX Glut,exact:006 L4/5 IT CTX Glut,exact:006 L4/5 IT CTX Glut,exact:006 L4/5 IT CTX Glut,exact:006 L4/5 IT CTX Glut
0090 L4/5 IT CTX Glut_4,006 L4/5 IT CTX Glut,consistent_coarse:003 L5/6 IT TPE-ENT Glut|004 L6 IT CTX Glut|005 L5 IT CTX Glut|006 L4/5 IT CTX Glut|007 L2/3 IT CTX Glut,consistent_coarse:003 L5/6 IT TPE-ENT Glut|004 L6 IT CTX Glut|005 L5 IT CTX Glut|006 L4/5 IT CTX Glut|007 L2/3 IT CTX Glut,exact:006 L4/5 IT CTX Glut,exact:006 L4/5 IT CTX Glut,root:,exact:006 L4/5 IT CTX Glut,exact:006 L4/5 IT CTX Glut,exact:006 L4/5 IT CTX Glut,root:,root:,root:,exact:006 L4/5 IT CTX Glut,exact:006 L4/5 IT CTX Glut,exact:006 L4/5 IT CTX Glut,exact:006 L4/5 IT CTX Glut
0091 L4/5 IT CTX Glut_4,006 L4/5 IT CTX Glut,consistent_coarse:003 L5/6 IT TPE-ENT Glut|004 L6 IT CTX Glut|005 L5 IT CTX Glut|006 L4/5 IT CTX Glut|007 L2/3 IT CTX Glut,consistent_coarse:003 L5/6 IT TPE-ENT Glut|004 L6 IT CTX Glut|005 L5 IT CTX Glut|006 L4/5 IT CTX Glut|007 L2/3 IT CTX Glut,exact:006 L4/5 IT CTX Glut,exact:006 L4/5 IT CTX Glut,exact:006 L4/5 IT CTX Glut,exact:006 L4/5 IT CTX Glut,exact:006 L4/5 IT CTX Glut,exact:006 L4/5 IT CTX Glut,exact:006 L4/5 IT CTX Glut,exact:006 L4/5 IT CTX Glut,exact:006 L4/5 IT CTX Glut,exact:006 L4/5 IT CTX Glut,exact:006 L4/5 IT CTX Glut,exact:006 L4/5 IT CTX Glut,exact:006 L4/5 IT CTX Glut
0094 L4/5 IT CTX Glut_4,006 L4/5 IT CTX Glut,wrong_lineage:007 L2/3 IT CTX Glut,wrong_lineage:007 L2/3 IT CTX Glut,wrong_lineage:007 L2/3 IT CTX Glut,exact:006 L4/5 IT CTX Glut,root:,wrong_lineage:007 L2/3 IT CTX Glut,exact:006 L4/5 IT CTX Glut,exact:006 L4/5 IT CTX Glut,root:,exact:006 L4/5 IT CTX Glut,exact:006 L4/5 IT CTX Glut,exact:006 L4/5 IT CTX Glut,root:,wrong_lineage:007 L2/3 IT CTX Glut,wrong_lineage:007 L2/3 IT CTX Glut
0096 L4/5 IT CTX Glut_5,006 L4/5 IT CTX Glut,exact:006 L4/5 IT CTX Glut,exact:006 L4/5 IT CTX Glut,exact:006 L4/5 IT CTX Glut,exact:006 L4/5 IT CTX Glut,exact:006 L4/5 IT CTX Glut,exact:006 L4/5 IT CTX Glut,exact:006 L4/5 IT CTX Glut,exact:006 L4/5 IT CTX Glut,exact:006 L4/5 IT CTX Glut,exact:006 L4/5 IT CTX Glut,exact:006 L4/5 IT CTX Glut,exact:006 L4/5 IT CTX Glut,exact:006 L4/5 IT CTX Glut,exact:006 L4/5 IT CTX Glut,exact:006 L4/5 IT CTX Glut
0098 L4/5 IT CTX Glut_5,006 L4/5 IT CTX Glut,exact:006 L4/5 IT CTX Glut,exact:006 L4/5 IT CTX Glut,exact:006 L4/5 IT CTX Glut,exact:006 L4/5 IT CTX Glut,exact:006 L4/5 IT CTX Glut,exact:006 L4/5 IT CTX Glut,exact:006 L4/5 IT CTX Glut,exact:006 L4/5 IT CTX Glut,exact:006 L4/5 IT CTX Glut,exact:006 L4/5 IT CTX Glut,exact:006 L4/5 IT CTX Glut,root:,exact:006 L4/5 IT CTX Glut,exact:006 L4/5 IT CTX Glut,exact:006 L4/5 IT CTX Glut
0099 L4/5 IT CTX Glut_5,006 L4/5 IT CTX Glut,exact:006 L4/5 IT CTX Glut,exact:006 L4/5 IT CTX Glut,exact:006 L4/5 IT CTX Glut,exact:006 L4/5 IT CTX Glut,exact:006 L4/5 IT CTX Glut,exact:006 L4/5 IT CTX Glut,exact:006 L4/5 IT CTX Glut,exact:006 L4/5 IT CTX Glut,exact:006 L4/5 IT CTX Glut,exact:006 L4/5 IT CTX Glut,exact:006 L4/5 IT CTX Glut,wrong_lineage:007 L2/3 IT CTX Glut,exact:006 L4/5 IT CTX Glut,exact:006 L4/5 IT CTX Glut,exact:006 L4/5 IT CTX Glut
0104 L2/3 IT CTX Glut_1,007 L2/3 IT CTX Glut,exact:007 L2/3 IT CTX Glut,exact:007 L2/3 IT CTX Glut,exact:007 L2/3 IT CTX Glut,exact:007 L2/3 IT CTX Glut,exact:007 L2/3 IT CTX Glut,exact:007 L2/3 IT CTX Glut,exact:007 L2/3 IT CTX Glut,exact:007 L2/3 IT CTX Glut,exact:007 L2/3 IT CTX Glut,exact:007 L2/3 IT CTX Glut,exact:007 L2/3 IT CTX Glut,exact:007 L2/3 IT CTX Glut,exact:007 L2/3 IT CTX Glut,exact:007 L2/3 IT CTX Glut,exact:007 L2/3 IT CTX Glut
0105 L2/3 IT CTX Glut_1,007 L2/3 IT CTX Glut,exact:007 L2/3 IT CTX Glut,exact:007 L2/3 IT CTX Glut,exact:007 L2/3 IT CTX Glut,exact:007 L2/3 IT CTX Glut,exact:007 L2/3 IT CTX Glut,exact:007 L2/3 IT CTX Glut,exact:007 L2/3 IT CTX Glut,exact:007 L2/3 IT CTX Glut,exact:007 L2/3 IT CTX Glut,exact:007 L2/3 IT CTX Glut,exact:007 L2/3 IT CTX Glut,exact:007 L2/3 IT CTX Glut,exact:007 L2/3 IT CTX Glut,exact:007 L2/3 IT CTX Glut,exact:007 L2/3 IT CTX Glut
0106 L2/3 IT CTX Glut_1,007 L2/3 IT CTX Glut,exact:007 L2/3 IT CTX Glut,exact:007 L2/3 IT CTX Glut,exact:007 L2/3 IT CTX Glut,exact:007 L2/3 IT CTX Glut,exact:007 L2/3 IT CTX Glut,exact:007 L2/3 IT CTX Glut,exact:007 L2/3 IT CTX Glut,exact:007 L2/3 IT CTX Glut,exact:007 L2/3 IT CTX Glut,exact:007 L2/3 IT CTX Glut,exact:007 L2/3 IT CTX Glut,exact:007 L2/3 IT CTX Glut,exact:007 L2/3 IT CTX Glut,exact:007 L2/3 IT CTX Glut,exact:007 L2/3 IT CTX Glut
0109 L2/3 IT CTX Glut_2,007 L2/3 IT CTX Glut,exact:007 L2/3 IT CTX Glut,exact:007 L2/3 IT CTX Glut,exact:007 L2/3 IT CTX Glut,exact:007 L2/3 IT CTX Glut,exact:007 L2/3 IT CTX Glut,exact:007 L2/3 IT CTX Glut,exact:007 L2/3 IT CTX Glut,exact:007 L2/3 IT CTX Glut,exact:007 L2/3 IT CTX Glut,exact:007 L2/3 IT CTX Glut,exact:007 L2/3 IT CTX Glut,exact:007 L2/3 IT CTX Glut,exact:007 L2/3 IT CTX Glut,exact:007 L2/3 IT CTX Glut,exact:007 L2/3 IT CTX Glut
0351 L5 ET CTX Glut_1,022 L5 ET CTX Glut,exact:022 L5 ET CTX Glut,exact:022 L5 ET CTX Glut,exact:022 L5 ET CTX Glut,exact:022 L5 ET CTX Glut,exact:022 L5 ET CTX Glut,exact:022 L5 ET CTX Glut,exact:022 L5 ET CTX Glut,exact:022 L5 ET CTX Glut,exact:022 L5 ET CTX Glut,exact:022 L5 ET CTX Glut,exact:022 L5 ET CTX Glut,exact:022 L5 ET CTX Glut,exact:022 L5 ET CTX Glut,exact:022 L5 ET CTX Glut,exact:022 L5 ET CTX Glut
0352 L5 ET CTX Glut_1,022 L5 ET CTX Glut,exact:022 L5 ET CTX Glut,exact:022 L5 ET CTX Glut,exact:022 L5 ET CTX Glut,exact:022 L5 ET CTX Glut,exact:022 L5 ET CTX Glut,exact:022 L5 ET CTX Glut,exact:022 L5 ET CTX Glut,exact:022 L5 ET CTX Glut,exact:022 L5 ET CTX Glut,exact:022 L5 ET CTX Glut,exact:022 L5 ET CTX Glut,exact:022 L5 ET CTX Glut,exact:022 L5 ET CTX Glut,exact:022 L5 ET CTX Glut,exact:022 L5 ET CTX Glut
0361 L5 ET CTX Glut_2,022 L5 ET CTX Glut,exact:022 L5 ET CTX Glut,exact:022 L5 ET CTX Glut,exact:022 L5 ET CTX Glut,exact:022 L5 ET CTX Glut,exact:022 L5 ET CTX Glut,exact:022 L5 ET CTX Glut,exact:022 L5 ET CTX Glut,exact:022 L5 ET CTX Glut,exact:022 L5 ET CTX Glut,exact:022 L5 ET CTX Glut,exact:022 L5 ET CTX Glut,exact:022 L5 ET CTX Glut,exact:022 L5 ET CTX Glut,exact:022 L5 ET CTX Glut,exact:022 L5 ET CTX Glut
0362 L5 ET CTX Glut_2,022 L5 ET CTX Glut,exact:022 L5 ET CTX Glut,exact:022 L5 ET CTX Glut,exact:022 L5 ET CTX Glut,exact:022 L5 ET CTX Glut,exact:022 L5 ET CTX Glut,exact:022 L5 ET CTX Glut,exact:022 L5 ET CTX Glut,exact:022 L5 ET CTX Glut,exact:022 L5 ET CTX Glut,exact:022 L5 ET CTX Glut,exact:022 L5 ET CTX Glut,exact:022 L5 ET CTX Glut,exact:022 L5 ET CTX Glut,exact:022 L5 ET CTX Glut,exact:022 L5 ET CTX Glut
0377 L5 ET CTX Glut_5,022 L5 ET CTX Glut,exact:022 L5 ET CTX Glut,exact:022 L5 ET CTX Glut,exact:022 L5 ET CTX Glut,exact:022 L5 ET CTX Glut,exact:022 L5 ET CTX Glut,exact:022 L5 ET CTX Glut,exact:022 L5 ET CTX Glut,exact:022 L5 ET CTX Glut,exact:022 L5 ET CTX Glut,exact:022 L5 ET CTX Glut,exact:022 L5 ET CTX Glut,exact:022 L5 ET CTX Glut,exact:022 L5 ET CTX Glut,exact:022 L5 ET CTX Glut,exact:022 L5 ET CTX Glut
0379 L5 ET CTX Glut_5,022 L5 ET CTX Glut,exact:022 L5 ET CTX Glut,exact:022 L5 ET CTX Glut,exact:022 L5 ET CTX Glut,exact:022 L5 ET CTX Glut,exact:022 L5 ET CTX Glut,exact:022 L5 ET CTX Glut,exact:022 L5 ET CTX Glut,exact:022 L5 ET CTX Glut,exact:022 L5 ET CTX Glut,exact:022 L5 ET CTX Glut,exact:022 L5 ET CTX Glut,exact:022 L5 ET CTX Glut,exact:022 L5 ET CTX Glut,exact:022 L5 ET CTX Glut,exact:022 L5 ET CTX Glut
0421 L6b CTX Glut_1,027 L6b CTX Glut,wrong_lineage:028 L6 CT CTX Glut,wrong_lineage:028 L6 CT CTX Glut,exact:027 L6b CTX Glut,root:,root:,root:,exact:027 L6b CTX Glut,exact:027 L6b CTX Glut,root:,exact:027 L6b CTX Glut,root:,root:,root:,root:,root:
0430 L6b CTX Glut_3,027 L6b CTX Glut,wrong_lineage:028 L6 CT CTX Glut,wrong_lineage:028 L6 CT CTX Glut,exact:027 L6b CTX Glut,exact:027 L6b CTX Glut,exact:027 L6b CTX Glut,exact:027 L6b CTX Glut,exact:027 L6b CTX Glut,exact:027 L6b CTX Glut,exact:027 L6b CTX Glut,exact:027 L6b CTX Glut,exact:027 L6b CTX Glut,root:,root:,root:,root:
0433 L6 CT CTX Glut_1,028 L6 CT CTX Glut,exact:028 L6 CT CTX Glut,exact:028 L6 CT CTX Glut,exact:028 L6 CT CTX Glut,exact:028 L6 CT CTX Glut,exact:028 L6 CT CTX Glut,exact:028 L6 CT CTX Glut,exact:028 L6 CT CTX Glut,exact:028 L6 CT CTX Glut,exact:028 L6 CT CTX Glut,exact:028 L6 CT CTX Glut,exact:028 L6 CT CTX Glut,exact:028 L6 CT CTX Glut,exact:028 L6 CT CTX Glut,exact:028 L6 CT CTX Glut,exact:028 L6 CT CTX Glut
0436 L6 CT CTX Glut_1,028 L6 CT CTX Glut,exact:028 L6 CT CTX Glut,exact:028 L6 CT CTX Glut,exact:028 L6 CT CTX Glut,exact:028 L6 CT CTX Glut,exact:028 L6 CT CTX Glut,exact:028 L6 CT CTX Glut,exact:028 L6 CT CTX Glut,exact:028 L6 CT CTX Glut,exact:028 L6 CT CTX Glut,exact:028 L6 CT CTX Glut,exact:028 L6 CT CTX Glut,exact:028 L6 CT CTX Glut,exact:028 L6 CT CTX Glut,exact:028 L6 CT CTX Glut,exact:028 L6 CT CTX Glut
0439 L6 CT CTX Glut_2,028 L6 CT CTX Glut,exact:028 L6 CT CTX Glut,exact:028 L6 CT CTX Glut,exact:028 L6 CT CTX Glut,exact:028 L6 CT CTX Glut,exact:028 L6 CT CTX Glut,exact:028 L6 CT CTX Glut,exact:028 L6 CT CTX Glut,exact:028 L6 CT CTX Glut,exact:028 L6 CT CTX Glut,exact:028 L6 CT CTX Glut,exact:028 L6 CT CTX Glut,exact:028 L6 CT CTX Glut,exact:028 L6 CT CTX Glut,exact:028 L6 CT CTX Glut,exact:028 L6 CT CTX Glut
0440 L6 CT CTX Glut_2,028 L6 CT CTX Glut,exact:028 L6 CT CTX Glut,exact:028 L6 CT CTX Glut,exact:028 L6 CT CTX Glut,exact:028 L6 CT CTX Glut,exact:028 L6 CT CTX Glut,exact:028 L6 CT CTX Glut,exact:028 L6 CT CTX Glut,exact:028 L6 CT CTX Glut,exact:028 L6 CT CTX Glut,exact:028 L6 CT CTX Glut,exact:028 L6 CT CTX Glut,exact:028 L6 CT CTX Glut,exact:028 L6 CT CTX Glut,exact:028 L6 CT CTX Glut,exact:028 L6 CT CTX Glut
0441 L6 CT CTX Glut_2,028 L6 CT CTX Glut,exact:028 L6 CT CTX Glut,exact:028 L6 CT CTX Glut,exact:028 L6 CT CTX Glut,exact:028 L6 CT CTX Glut,exact:028 L6 CT CTX Glut,exact:028 L6 CT CTX Glut,exact:028 L6 CT CTX Glut,exact:028 L6 CT CTX Glut,exact:028 L6 CT CTX Glut,exact:028 L6 CT CTX Glut,exact:028 L6 CT CTX Glut,exact:028 L6 CT CTX Glut,exact:028 L6 CT CTX Glut,exact:028 L6 CT CTX Glut,exact:028 L6 CT CTX Glut
0445 L6 CT CTX Glut_3,028 L6 CT CTX Glut,exact:028 L6 CT CTX Glut,exact:028 L6 CT CTX Glut,exact:028 L6 CT CTX Glut,exact:028 L6 CT CTX Glut,exact:028 L6 CT CTX Glut,exact:028 L6 CT CTX Glut,exact:028 L6 CT CTX Glut,exact:028 L6 CT CTX Glut,exact:028 L6 CT CTX Glut,exact:028 L6 CT CTX Glut,exact:028 L6 CT CTX Glut,exact:028 L6 CT CTX Glut,exact:028 L6 CT CTX Glut,exact:028 L6 CT CTX Glut,exact:028 L6 CT CTX Glut
0449 L6 CT CTX Glut_5,028 L6 CT CTX Glut,exact:028 L6 CT CTX Glut,exact:028 L6 CT CTX Glut,exact:028 L6 CT CTX Glut,exact:028 L6 CT CTX Glut,exact:028 L6 CT CTX Glut,exact:028 L6 CT CTX Glut,wrong_lineage:027 L6b CTX Glut,root:,exact:028 L6 CT CTX Glut,wrong_lineage:027 L6b CTX Glut,root:,exact:028 L6 CT CTX Glut,exact:028 L6 CT CTX Glut,exact:028 L6 CT CTX Glut,exact:028 L6 CT CTX Glut
0452 L6 CT CTX Glut_5,028 L6 CT CTX Glut,exact:028 L6 CT CTX Glut,exact:028 L6 CT CTX Glut,exact:028 L6 CT CTX Glut,exact:028 L6 CT CTX Glut,exact:028 L6 CT CTX Glut,exact:028 L6 CT CTX Glut,exact:028 L6 CT CTX Glut,exact:028 L6 CT CTX Glut,exact:028 L6 CT CTX Glut,exact:028 L6 CT CTX Glut,exact:028 L6 CT CTX Glut,exact:028 L6 CT CTX Glut,exact:028 L6 CT CTX Glut,exact:028 L6 CT CTX Glut,exact:028 L6 CT CTX Glut
0461 L5 NP CTX Glut_2,030 L5 NP CTX Glut,exact:030 L5 NP CTX Glut,exact:030 L5 NP CTX Glut,exact:030 L5 NP CTX Glut,exact:030 L5 NP CTX Glut,exact:030 L5 NP CTX Glut,exact:030 L5 NP CTX Glut,exact:030 L5 NP CTX Glut,exact:030 L5 NP CTX Glut,exact:030 L5 NP CTX Glut,exact:030 L5 NP CTX Glut,exact:030 L5 NP CTX Glut,exact:030 L5 NP CTX Glut,exact:030 L5 NP CTX Glut,exact:030 L5 NP CTX Glut,exact:030 L5 NP CTX Glut
0463 L5 NP CTX Glut_2,030 L5 NP CTX Glut,exact:030 L5 NP CTX Glut,exact:030 L5 NP CTX Glut,exact:030 L5 NP CTX Glut,exact:030 L5 NP CTX Glut,exact:030 L5 NP CTX Glut,exact:030 L5 NP CTX Glut,exact:030 L5 NP CTX Glut,exact:030 L5 NP CTX Glut,exact:030 L5 NP CTX Glut,exact:030 L5 NP CTX Glut,exact:030 L5 NP CTX Glut,exact:030 L5 NP CTX Glut,exact:030 L5 NP CTX Glut,exact:030 L5 NP CTX Glut,exact:030 L5 NP CTX Glut
0465 L5 NP CTX Glut_3,030 L5 NP CTX Glut,exact:030 L5 NP CTX Glut,exact:030 L5 NP CTX Glut,exact:030 L5 NP CTX Glut,exact:030 L5 NP CTX Glut,exact:030 L5 NP CTX Glut,exact:030 L5 NP CTX Glut,exact:030 L5 NP CTX Glut,exact:030 L5 NP CTX Glut,exact:030 L5 NP CTX Glut,exact:030 L5 NP CTX Glut,exact:030 L5 NP CTX Glut,exact:030 L5 NP CTX Glut,exact:030 L5 NP CTX Glut,exact:030 L5 NP CTX Glut,exact:030 L5 NP CTX Glut
0470 L5 NP CTX Glut_4,030 L5 NP CTX Glut,root:,root:,exact:030 L5 NP CTX Glut,exact:030 L5 NP CTX Glut,exact:030 L5 NP CTX Glut,exact:030 L5 NP CTX Glut,exact:030 L5 NP CTX Glut,exact:030 L5 NP CTX Glut,exact:030 L5 NP CTX Glut,exact:030 L5 NP CTX Glut,exact:030 L5 NP CTX Glut,exact:030 L5 NP CTX Glut,exact:030 L5 NP CTX Glut,exact:030 L5 NP CTX Glut,exact:030 L5 NP CTX Glut
0497 Vip Gaba_1,036 Vip Gaba,consistent_coarse:036 Vip Gaba|037 Sncg Gaba,exact:036 Vip Gaba,exact:036 Vip Gaba,root:,root:,root:,root:,root:,root:,root:,root:,wrong_lineage:039 Lamp5 Gaba,exact:036 Vip Gaba,root:,root:
0513 Vip Gaba_3,036 Vip Gaba,exact:036 Vip Gaba,exact:036 Vip Gaba,exact:036 Vip Gaba,root:,root:,root:,root:,root:,root:,exact:036 Vip Gaba,exact:036 Vip Gaba,root:,root:,root:,exact:036 Vip Gaba
0514 Vip Gaba_3,036 Vip Gaba,exact:036 Vip Gaba,exact:036 Vip Gaba,root:,root:,root:,root:,root:,root:,root:,root:,root:,root:,root:,root:,exact:036 Vip Gaba
0516 Vip Gaba_3,036 Vip Gaba,exact:036 Vip Gaba,exact:036 Vip Gaba,exact:036 Vip Gaba,root:,root:,root:,root:,exact:036 Vip Gaba,root:,root:,exact:036 Vip Gaba,root:,root:,root:,exact:036 Vip Gaba
0522 Vip Gaba_4,036 Vip Gaba,exact:036 Vip Gaba,exact:036 Vip Gaba,exact:036 Vip Gaba,root:,root:,root:,root:,root:,root:,exact:036 Vip Gaba,exact:036 Vip Gaba,root:,exact:036 Vip Gaba,root:,root:
0527 Vip Gaba_5,036 Vip Gaba,exact:036 Vip Gaba,exact:036 Vip Gaba,exact:036 Vip Gaba,exact:036 Vip Gaba,exact:036 Vip Gaba,exact:036 Vip Gaba,exact:036 Vip Gaba,exact:036 Vip Gaba,exact:036 Vip Gaba,exact:036 Vip Gaba,root:,exact:036 Vip Gaba,exact:036 Vip Gaba,root:,exact:036 Vip Gaba
0529 Vip Gaba_5,036 Vip Gaba,exact:036 Vip Gaba,exact:036 Vip Gaba,root:,root:,root:,root:,root:,root:,root:,root:,exact:036 Vip Gaba,root:,root:,root:,exact:036 Vip Gaba
0533 Vip Gaba_6,036 Vip Gaba,consistent_coarse:036 Vip Gaba|037 Sncg Gaba,exact:036 Vip Gaba,root:,root:,root:,root:,root:,root:,exact:036 Vip Gaba,root:,root:,root:,root:,root:,exact:036 Vip Gaba
0547 Sncg Gaba_6,037 Sncg Gaba,exact:037 Sncg Gaba,exact:037 Sncg Gaba,exact:037 Sncg Gaba,exact:037 Sncg Gaba,exact:037 Sncg Gaba,exact:037 Sncg Gaba,root:,exact:037 Sncg Gaba,exact:037 Sncg Gaba,exact:037 Sncg Gaba,root:,exact:037 Sncg Gaba,exact:037 Sncg Gaba,exact:037 Sncg Gaba,exact:037 Sncg Gaba
0553 Sncg Gaba_3,037 Sncg Gaba,exact:037 Sncg Gaba,exact:037 Sncg Gaba,exact:037 Sncg Gaba,exact:037 Sncg Gaba,exact:037 Sncg Gaba,exact:037 Sncg Gaba,exact:037 Sncg Gaba,exact:037 Sncg Gaba,exact:037 Sncg Gaba,exact:037 Sncg Gaba,root:,exact:037 Sncg Gaba,exact:037 Sncg Gaba,exact:037 Sncg Gaba,exact:037 Sncg Gaba
0560 Sncg Gaba_4,037 Sncg Gaba,exact:037 Sncg Gaba,exact:037 Sncg Gaba,exact:037 Sncg Gaba,exact:037 Sncg Gaba,exact:037 Sncg Gaba,exact:037 Sncg Gaba,root:,exact:037 Sncg Gaba,exact:037 Sncg Gaba,exact:037 Sncg Gaba,root:,exact:037 Sncg Gaba,exact:037 Sncg Gaba,exact:037 Sncg Gaba,exact:037 Sncg Gaba
0580 Lamp5 Gaba_1,039 Lamp5 Gaba,exact:039 Lamp5 Gaba,exact:039 Lamp5 Gaba,exact:039 Lamp5 Gaba,exact:039 Lamp5 Gaba,root:,exact:039 Lamp5 Gaba,exact:039 Lamp5 Gaba,exact:039 Lamp5 Gaba,exact:039 Lamp5 Gaba,exact:039 Lamp5 Gaba,root:,exact:039 Lamp5 Gaba,exact:039 Lamp5 Gaba,exact:039 Lamp5 Gaba,exact:039 Lamp5 Gaba
0581 Lamp5 Gaba_1,039 Lamp5 Gaba,exact:039 Lamp5 Gaba,exact:039 Lamp5 Gaba,exact:039 Lamp5 Gaba,exact:039 Lamp5 Gaba,root:,exact:039 Lamp5 Gaba,exact:039 Lamp5 Gaba,exact:039 Lamp5 Gaba,exact:039 Lamp5 Gaba,exact:039 Lamp5 Gaba,root:,exact:039 Lamp5 Gaba,exact:039 Lamp5 Gaba,exact:039 Lamp5 Gaba,exact:039 Lamp5 Gaba
0582 Lamp5 Gaba_1,039 Lamp5 Gaba,exact:039 Lamp5 Gaba,exact:039 Lamp5 Gaba,exact:039 Lamp5 Gaba,exact:039 Lamp5 Gaba,root:,exact:039 Lamp5 Gaba,exact:039 Lamp5 Gaba,exact:039 Lamp5 Gaba,exact:039 Lamp5 Gaba,exact:039 Lamp5 Gaba,root:,exact:039 Lamp5 Gaba,exact:039 Lamp5 Gaba,exact:039 Lamp5 Gaba,exact:039 Lamp5 Gaba
0587 Lamp5 Gaba_2,039 Lamp5 Gaba,wrong_lineage:036 Vip Gaba|037 Sncg Gaba,wrong_lineage:036 Vip Gaba,exact:039 Lamp5 Gaba,exact:039 Lamp5 Gaba,root:,exact:039 Lamp5 Gaba,exact:039 Lamp5 Gaba,root:,root:,exact:039 Lamp5 Gaba,root:,exact:039 Lamp5 Gaba,root:,root:,root:
0605 Pvalb chandelier Gaba,041 Pvalb chandelier Gaba,exact:041 Pvalb chandelier Gaba,exact:041 Pvalb chandelier Gaba,exact:041 Pvalb chandelier Gaba,exact:041 Pvalb chandelier Gaba,exact:041 Pvalb chandelier Gaba,exact:041 Pvalb chandelier Gaba,exact:041 Pvalb chandelier Gaba,exact:041 Pvalb chandelier Gaba,exact:041 Pvalb chandelier Gaba,exact:041 Pvalb chandelier Gaba,exact:041 Pvalb chandelier Gaba,exact:041 Pvalb chandelier Gaba,exact:041 Pvalb chandelier Gaba,exact:041 Pvalb chandelier Gaba,exact:041 Pvalb chandelier Gaba
0607 Pvalb Gaba_1,042 Pvalb Gaba,exact:042 Pvalb Gaba,exact:042 Pvalb Gaba,exact:042 Pvalb Gaba,exact:042 Pvalb Gaba,exact:042 Pvalb Gaba,exact:042 Pvalb Gaba,root:,exact:042 Pvalb Gaba,exact:042 Pvalb Gaba,exact:042 Pvalb Gaba,exact:042 Pvalb Gaba,exact:042 Pvalb Gaba,exact:042 Pvalb Gaba,exact:042 Pvalb Gaba,exact:042 Pvalb Gaba
0618 Pvalb Gaba_3,042 Pvalb Gaba,exact:042 Pvalb Gaba,exact:042 Pvalb Gaba,exact:042 Pvalb Gaba,exact:042 Pvalb Gaba,exact:042 Pvalb Gaba,exact:042 Pvalb Gaba,exact:042 Pvalb Gaba,exact:042 Pvalb Gaba,exact:042 Pvalb Gaba,exact:042 Pvalb Gaba,exact:042 Pvalb Gaba,exact:042 Pvalb Gaba,exact:042 Pvalb Gaba,exact:042 Pvalb Gaba,exact:042 Pvalb Gaba
0619 Pvalb Gaba_3,042 Pvalb Gaba,exact:042 Pvalb Gaba,exact:042 Pvalb Gaba,exact:042 Pvalb Gaba,exact:042 Pvalb Gaba,exact:042 Pvalb Gaba,exact:042 Pvalb Gaba,exact:042 Pvalb Gaba,exact:042 Pvalb Gaba,exact:042 Pvalb Gaba,exact:042 Pvalb Gaba,exact:042 Pvalb Gaba,exact:042 Pvalb Gaba,exact:042 Pvalb Gaba,exact:042 Pvalb Gaba,exact:042 Pvalb Gaba
0620 Pvalb Gaba_8,042 Pvalb Gaba,exact:042 Pvalb Gaba,exact:042 Pvalb Gaba,exact:042 Pvalb Gaba,exact:042 Pvalb Gaba,exact:042 Pvalb Gaba,exact:042 Pvalb Gaba,exact:042 Pvalb Gaba,exact:042 Pvalb Gaba,exact:042 Pvalb Gaba,exact:042 Pvalb Gaba,exact:042 Pvalb Gaba,root:,exact:042 Pvalb Gaba,exact:042 Pvalb Gaba,exact:042 Pvalb Gaba
0621 Pvalb Gaba_3,042 Pvalb Gaba,exact:042 Pvalb Gaba,exact:042 Pvalb Gaba,exact:042 Pvalb Gaba,exact:042 Pvalb Gaba,exact:042 Pvalb Gaba,exact:042 Pvalb Gaba,exact:042 Pvalb Gaba,exact:042 Pvalb Gaba,exact:042 Pvalb Gaba,exact:042 Pvalb Gaba,exact:042 Pvalb Gaba,exact:042 Pvalb Gaba,exact:042 Pvalb Gaba,exact:042 Pvalb Gaba,exact:042 Pvalb Gaba
0624 Pvalb Gaba_4,042 Pvalb Gaba,exact:042 Pvalb Gaba,exact:042 Pvalb Gaba,exact:042 Pvalb Gaba,exact:042 Pvalb Gaba,exact:042 Pvalb Gaba,exact:042 Pvalb Gaba,exact:042 Pvalb Gaba,wrong_lineage:043 Sst Gaba,exact:042 Pvalb Gaba,exact:042 Pvalb Gaba,exact:042 Pvalb Gaba,wrong_lineage:043 Sst Gaba,exact:042 Pvalb Gaba,exact:042 Pvalb Gaba,root:
0625 Pvalb Gaba_5,042 Pvalb Gaba,exact:042 Pvalb Gaba,exact:042 Pvalb Gaba,exact:042 Pvalb Gaba,exact:042 Pvalb Gaba,exact:042 Pvalb Gaba,exact:042 Pvalb Gaba,root:,exact:042 Pvalb Gaba,exact:042 Pvalb Gaba,exact:042 Pvalb Gaba,exact:042 Pvalb Gaba,exact:042 Pvalb Gaba,root:,root:,exact:042 Pvalb Gaba
0628 Pvalb Gaba_4,042 Pvalb Gaba,exact:042 Pvalb Gaba,exact:042 Pvalb Gaba,exact:042 Pvalb Gaba,exact:042 Pvalb Gaba,exact:042 Pvalb Gaba,exact:042 Pvalb Gaba,exact:042 Pvalb Gaba,exact:042 Pvalb Gaba,exact:042 Pvalb Gaba,exact:042 Pvalb Gaba,exact:042 Pvalb Gaba,exact:042 Pvalb Gaba,exact:042 Pvalb Gaba,exact:042 Pvalb Gaba,exact:042 Pvalb Gaba
0631 Sst Gaba_13,043 Sst Gaba,exact:043 Sst Gaba,exact:043 Sst Gaba,exact:043 Sst Gaba,exact:043 Sst Gaba,exact:043 Sst Gaba,exact:043 Sst Gaba,exact:043 Sst Gaba,exact:043 Sst Gaba,exact:043 Sst Gaba,exact:043 Sst Gaba,exact:043 Sst Gaba,exact:043 Sst Gaba,exact:043 Sst Gaba,exact:043 Sst Gaba,root:
0638 Sst Gaba_1,043 Sst Gaba,exact:043 Sst Gaba,exact:043 Sst Gaba,root:,root:,exact:043 Sst Gaba,exact:043 Sst Gaba,root:,exact:043 Sst Gaba,exact:043 Sst Gaba,exact:043 Sst Gaba,exact:043 Sst Gaba,exact:043 Sst Gaba,root:,exact:043 Sst Gaba,exact:043 Sst Gaba
0641 Sst Gaba_12,043 Sst Gaba,exact:043 Sst Gaba,exact:043 Sst Gaba,root:,exact:043 Sst Gaba,root:,root:,root:,root:,root:,root:,exact:043 Sst Gaba,exact:043 Sst Gaba,exact:043 Sst Gaba,root:,root:
0664 Sst Gaba_4,043 Sst Gaba,exact:043 Sst Gaba,exact:043 Sst Gaba,exact:043 Sst Gaba,root:,root:,exact:043 Sst Gaba,root:,exact:043 Sst Gaba,exact:043 Sst Gaba,root:,exact:043 Sst Gaba,root:,exact:043 Sst Gaba,exact:043 Sst Gaba,exact:043 Sst Gaba
0665 Sst Gaba_11,043 Sst Gaba,exact:043 Sst Gaba,exact:043 Sst Gaba,root:,root:,exact:043 Sst Gaba,exact:043 Sst Gaba,exact:043 Sst Gaba,root:,root:,root:,root:,exact:043 Sst Gaba,root:,root:,root:
0666 Sst Gaba_4,043 Sst Gaba,exact:043 Sst Gaba,exact:043 Sst Gaba,exact:043 Sst Gaba,exact:043 Sst Gaba,exact:043 Sst Gaba,exact:043 Sst Gaba,exact:043 Sst Gaba,exact:043 Sst Gaba,exact:043 Sst Gaba,exact:043 Sst Gaba,exact:043 Sst Gaba,exact:043 Sst Gaba,exact:043 Sst Gaba,exact:043 Sst Gaba,exact:043 Sst Gaba
0668 Sst Gaba_4,043 Sst Gaba,exact:043 Sst Gaba,exact:043 Sst Gaba,root:,exact:043 Sst Gaba,root:,exact:043 Sst Gaba,exact:043 Sst Gaba,exact:043 Sst Gaba,exact:043 Sst Gaba,root:,exact:043 Sst Gaba,exact:043 Sst Gaba,exact:043 Sst Gaba,root:,root:
0669 Sst Gaba_4,043 Sst Gaba,exact:043 Sst Gaba,exact:043 Sst Gaba,exact:043 Sst Gaba,exact:043 Sst Gaba,exact:043 Sst Gaba,exact:043 Sst Gaba,exact:043 Sst Gaba,exact:043 Sst Gaba,exact:043 Sst Gaba,exact:043 Sst Gaba,exact:043 Sst Gaba,exact:043 Sst Gaba,exact:043 Sst Gaba,exact:043 Sst Gaba,exact:043 Sst Gaba
0673 Sst Gaba_16,043 Sst Gaba,exact:043 Sst Gaba,exact:043 Sst Gaba,exact:043 Sst Gaba,exact:043 Sst Gaba,exact:043 Sst Gaba,exact:043 Sst Gaba,exact:043 Sst Gaba,exact:043 Sst Gaba,exact:043 Sst Gaba,root:,exact:043 Sst Gaba,exact:043 Sst Gaba,exact:043 Sst Gaba,root:,exact:043 Sst Gaba
0675 Sst Gaba_5,043 Sst Gaba,exact:043 Sst Gaba,exact:043 Sst Gaba,exact:043 Sst Gaba,exact:043 Sst Gaba,root:,exact:043 Sst Gaba,root:,wrong_lineage:042 Pvalb Gaba,exact:043 Sst Gaba,exact:043 Sst Gaba,exact:043 Sst Gaba,root:,exact:043 Sst Gaba,root:,exact:043 Sst Gaba
0677 Sst Gaba_5,043 Sst Gaba,exact:043 Sst Gaba,exact:043 Sst Gaba,exact:043 Sst Gaba,root:,exact:043 Sst Gaba,exact:043 Sst Gaba,exact:043 Sst Gaba,root:,root:,exact:043 Sst Gaba,root:,exact:043 Sst Gaba,exact:043 Sst Gaba,exact:043 Sst Gaba,exact:043 Sst Gaba
0688 Sst Gaba_7,043 Sst Gaba,exact:043 Sst Gaba,exact:043 Sst Gaba,exact:043 Sst Gaba,exact:043 Sst Gaba,exact:043 Sst Gaba,exact:043 Sst Gaba,exact:043 Sst Gaba,exact:043 Sst Gaba,exact:043 Sst Gaba,exact:043 Sst Gaba,exact:043 Sst Gaba,exact:043 Sst Gaba,exact:043 Sst Gaba,exact:043 Sst Gaba,exact:043 Sst Gaba
0695 Sst Gaba_10,043 Sst Gaba,exact:043 Sst Gaba,exact:043 Sst Gaba,exact:043 Sst Gaba,exact:043 Sst Gaba,exact:043 Sst Gaba,exact:043 Sst Gaba,exact:043 Sst Gaba,exact:043 Sst Gaba,exact:043 Sst Gaba,exact:043 Sst Gaba,exact:043 Sst Gaba,exact:043 Sst Gaba,exact:043 Sst Gaba,exact:043 Sst Gaba,exact:043 Sst Gaba
0697 Sst Gaba_8,043 Sst Gaba,exact:043 Sst Gaba,exact:043 Sst Gaba,exact:043 Sst Gaba,exact:043 Sst Gaba,exact:043 Sst Gaba,exact:043 Sst Gaba,exact:043 Sst Gaba,exact:043 Sst Gaba,exact:043 Sst Gaba,exact:043 Sst Gaba,exact:043 Sst Gaba,exact:043 Sst Gaba,exact:043 Sst Gaba,exact:043 Sst Gaba,exact:043 Sst Gaba
0731 Sst Chodl Gaba_4,046 Sst Chodl Gaba,exact:046 Sst Chodl Gaba,exact:046 Sst Chodl Gaba,exact:046 Sst Chodl Gaba,exact:046 Sst Chodl Gaba,exact:046 Sst Chodl Gaba,exact:046 Sst Chodl Gaba,exact:046 Sst Chodl Gaba,exact:046 Sst Chodl Gaba,exact:046 Sst Chodl Gaba,exact:046 Sst Chodl Gaba,exact:046 Sst Chodl Gaba,exact:046 Sst Chodl Gaba,exact:046 Sst Chodl Gaba,exact:046 Sst Chodl Gaba,exact:046 Sst Chodl Gaba
5113 Astro-TE NN_3,287 Astro-TE NN,exact:287 Astro-TE NN,exact:287 Astro-TE NN,exact:287 Astro-TE NN,exact:287 Astro-TE NN,exact:287 Astro-TE NN,exact:287 Astro-TE NN,exact:287 Astro-TE NN,exact:287 Astro-TE NN,exact:287 Astro-TE NN,exact:287 Astro-TE NN,exact:287 Astro-TE NN,exact:287 Astro-TE NN,exact:287 Astro-TE NN,exact:287 Astro-TE NN,exact:287 Astro-TE NN
5146 OPC NN_1,294 OPC NN,exact:294 OPC NN,exact:294 OPC NN,exact:294 OPC NN,exact:294 OPC NN,exact:294 OPC NN,exact:294 OPC NN,exact:294 OPC NN,exact:294 OPC NN,exact:294 OPC NN,exact:294 OPC NN,exact:294 OPC NN,exact:294 OPC NN,exact:294 OPC NN,exact:294 OPC NN,exact:294 OPC NN
5150 COP NN,295 Oligo NN,exact:295 Oligo NN,exact:295 Oligo NN,root:,root:,root:,root:,root:,root:,root:,root:,root:,root:,root:,root:,root:
5152 COP NN,295 Oligo NN,exact:295 Oligo NN,exact:295 Oligo NN,root:,root:,root:,root:,root:,root:,root:,root:,root:,root:,root:,root:,root:
5155 MFOL NN,295 Oligo NN,exact:295 Oligo NN,exact:295 Oligo NN,exact:295 Oligo NN,exact:295 Oligo NN,root:,exact:295 Oligo NN,exact:295 Oligo NN,root:,exact:295 Oligo NN,root:,exact:295 Oligo NN,exact:295 Oligo NN,exact:295 Oligo NN,root:,root:
5158 MOL NN,295 Oligo NN,exact:295 Oligo NN,exact:295 Oligo NN,root:,root:,exact:295 Oligo NN,exact:295 Oligo NN,exact:295 Oligo NN,root:,exact:295 Oligo NN,root:,root:,root:,root:,root:,exact:295 Oligo NN
5182 Peri NN,299 Peri NN,exact:299 Peri NN,exact:299 Peri NN,exact:299 Peri NN,exact:299 Peri NN,exact:299 Peri NN,exact:299 Peri NN,root:,exact:299 Peri NN,exact:299 Peri NN,root:,exact:299 Peri NN,exact:299 Peri NN,root:,root:,exact:299 Peri NN
5188 Endo NN,301 Endo NN,consistent_coarse:299 Peri NN|301 Endo NN|302 Microglia NN,consistent_coarse:299 Peri NN|301 Endo NN|302 Microglia NN,exact:301 Endo NN,exact:301 Endo NN,exact:301 Endo NN,exact:301 Endo NN,exact:301 Endo NN,exact:301 Endo NN,exact:301 Endo NN,exact:301 Endo NN,exact:301 Endo NN,exact:301 Endo NN,exact:301 Endo NN,exact:301 Endo NN,exact:301 Endo NN
5190 Microglia NN,302 Microglia NN,exact:302 Microglia NN,exact:302 Microglia NN,root:,root:,root:,root:,exact:302 Microglia NN,exact:302 Microglia NN,root:,root:,root:,root:,root:,root:,root:
